"","date","Tank3","Tank4","Tank5"
"1",NA,NA,NA,NA
"2",NA,NA,NA,NA
"3",NA,NA,NA,NA
"4","01/01/2025 00:00:00","30.5","30.4","30.4"
"5","01/01/2025 00:01:00","30.3","30.4","30.3"
"6","01/01/2025 00:02:00","30.3","30.4","30.3"
"7","01/01/2025 00:03:00","30.3","30.4","30.2"
"8","01/01/2025 00:04:00","30.3","30.4","30.2"
"9","01/01/2025 00:05:00","30.3","30.4","30.2"
"10","01/01/2025 00:06:00","30.2","30.4","30.2"
"11","01/01/2025 00:07:00","30.2","30.4","30.3"
"12","01/01/2025 00:08:00","30.2","30.4","30.3"
"13","01/01/2025 00:09:00","30.2","30.3","30.3"
"14","01/01/2025 00:10:00","30.2","30.3","30.3"
"15","01/01/2025 00:11:00","30.3","30.3","30.2"
"16","01/01/2025 00:12:00","30.3","30.3","30.2"
"17","01/01/2025 00:13:00","30.4","30.2","30.2"
"18","01/01/2025 00:14:00","30.4","30.2","30.2"
"19","01/01/2025 00:15:00","30.5","30.2","30.2"
"20","01/01/2025 00:16:00","30.5","30.2","30.3"
"21","01/01/2025 00:17:00","30.5","30.3","30.4"
"22","01/01/2025 00:18:00","30.5","30.3","30.4"
"23","01/01/2025 00:19:00","30.5","30.4","30.4"
"24","01/01/2025 00:20:00","30.3","30.4","30.3"
"25","01/01/2025 00:21:00","30.3","30.4","30.3"
"26","01/01/2025 00:22:00","30.3","30.4","30.2"
"27","01/01/2025 00:23:00","30.3","30.4","30.2"
"28","01/01/2025 00:24:00","30.2","30.4","30.2"
"29","01/01/2025 00:25:00","30.2","30.4","30.2"
"30","01/01/2025 00:26:00","30.2","30.4","30.2"
"31","01/01/2025 00:27:00","30.2","30.4","30.3"
"32","01/01/2025 00:28:00","30.2","30.4","30.3"
"33","01/01/2025 00:29:00","30.3","30.3","30.4"
"34","01/01/2025 00:30:00","30.3","30.3","30.4"
"35","01/01/2025 00:31:00","30.3","30.3","30.3"
"36","01/01/2025 00:32:00","30.3","30.2","30.2"
"37","01/01/2025 00:33:00","30.3","30.2","30.2"
"38","01/01/2025 00:34:00","30.3","30.2","30.2"
"39","01/01/2025 00:35:00","30.3","30.2","30.2"
"40","01/01/2025 00:36:00","30.3","30.3","30.2"
"41","01/01/2025 00:37:00","30.3","30.3","30.3"
"42","01/01/2025 00:38:00","30.2","30.4","30.4"
"43","01/01/2025 00:39:00","30.2","30.4","30.4"
"44","01/01/2025 00:40:00","30.2","30.4","30.4"
"45","01/01/2025 00:41:00","30.2","30.4","30.3"
"46","01/01/2025 00:42:00","30.2","30.4","30.2"
"47","01/01/2025 00:43:00","30.3","30.4","30.2"
"48","01/01/2025 00:44:00","30.3","30.4","30.3"
"49","01/01/2025 00:45:00","30.4","30.4","30.3"
"50","01/01/2025 00:46:00","30.5","30.4","30.3"
"51","01/01/2025 00:47:00","30.5","30.4","30.3"
"52","01/01/2025 00:48:00","30.5","30.3","30.3"
"53","01/01/2025 00:49:00","30.5","30.3","30.2"
"54","01/01/2025 00:50:00","30.5","30.3","30.2"
"55","01/01/2025 00:51:00","30.3","30.2","30.2"
"56","01/01/2025 00:52:00","30.3","30.2","30.2"
"57","01/01/2025 00:53:00","30.3","30.2","30.3"
"58","01/01/2025 00:54:00","30.3","30.2","30.3"
"59","01/01/2025 00:55:00","30.2","30.2","30.3"
"60","01/01/2025 00:56:00","30.2","30.3","30.3"
"61","01/01/2025 00:57:00","30.2","30.4","30.3"
"62","01/01/2025 00:58:00","30.2","30.4","30.3"
"63","01/01/2025 00:59:00","30.2","30.4","30.2"
"64","01/01/2025 01:00:00","30.2","30.4","30.2"
"65","01/01/2025 01:01:00","30.3","30.4","30.2"
"66","01/01/2025 01:02:00","30.4","30.4","30.2"
"67","01/01/2025 01:03:00","30.4","30.4","30.3"
"68","01/01/2025 01:04:00","30.5","30.4","30.3"
"69","01/01/2025 01:05:00","30.5","30.4","30.3"
"70","01/01/2025 01:06:00","30.5","30.4","30.3"
"71","01/01/2025 01:07:00","30.5","30.4","30.3"
"72","01/01/2025 01:08:00","30.5","30.3","30.2"
"73","01/01/2025 01:09:00","30.5","30.3","30.2"
"74","01/01/2025 01:10:00","30.3","30.3","30.2"
"75","01/01/2025 01:11:00","30.3","30.3","30.2"
"76","01/01/2025 01:12:00","30.3","30.2","30.2"
"77","01/01/2025 01:13:00","30.3","30.2","30.3"
"78","01/01/2025 01:14:00","30.2","30.2","30.4"
"79","01/01/2025 01:15:00","30.2","30.2","30.4"
"80","01/01/2025 01:16:00","30.2","30.2","30.4"
"81","01/01/2025 01:17:00","30.2","30.3","30.4"
"82","01/01/2025 01:18:00","30.2","30.4","30.3"
"83","01/01/2025 01:19:00","30.3","30.4","30.3"
"84","01/01/2025 01:20:00","30.3","30.4","30.2"
"85","01/01/2025 01:21:00","30.3","30.4","30.2"
"86","01/01/2025 01:22:00","30.3","30.4","30.2"
"87","01/01/2025 01:23:00","30.4","30.4","30.2"
"88","01/01/2025 01:24:00","30.4","30.4","30.3"
"89","01/01/2025 01:25:00","30.4","30.4","30.3"
"90","01/01/2025 01:26:00","30.3","30.4","30.4"
"91","01/01/2025 01:27:00","30.3","30.4","30.4"
"92","01/01/2025 01:28:00","30.3","30.3","30.3"
"93","01/01/2025 01:29:00","30.3","30.3","30.3"
"94","01/01/2025 01:30:00","30.2","30.3","30.2"
"95","01/01/2025 01:31:00","30.2","30.3","30.2"
"96","01/01/2025 01:32:00","30.2","30.3","30.2"
"97","01/01/2025 01:33:00","30.2","30.2","30.2"
"98","01/01/2025 01:34:00","30.2","30.2","30.2"
"99","01/01/2025 01:35:00","30.2","30.2","30.3"
"100","01/01/2025 01:36:00","30.3","30.2","30.3"
"101","01/01/2025 01:37:00","30.4","30.2","30.3"
"102","01/01/2025 01:38:00","30.5","30.3","30.3"
"103","01/01/2025 01:39:00","30.5","30.4","30.3"
"104","01/01/2025 01:40:00","30.5","30.4","30.2"
"105","01/01/2025 01:41:00","30.5","30.4","30.2"
"106","01/01/2025 01:42:00","30.5","30.4","30.2"
"107","01/01/2025 01:43:00","30.5","30.4","30.2"
"108","01/01/2025 01:44:00","30.3","30.4","30.2"
"109","01/01/2025 01:45:00","30.3","30.4","30.3"
"110","01/01/2025 01:46:00","30.3","30.4","30.3"
"111","01/01/2025 01:47:00","30.3","30.4","30.4"
"112","01/01/2025 01:48:00","30.2","30.4","30.4"
"113","01/01/2025 01:49:00","30.2","30.4","30.3"
"114","01/01/2025 01:50:00","30.2","30.3","30.3"
"115","01/01/2025 01:51:00","30.2","30.3","30.2"
"116","01/01/2025 01:52:00","30.2","30.3","30.2"
"117","01/01/2025 01:53:00","30.3","30.3","30.2"
"118","01/01/2025 01:54:00","30.4","30.2","30.2"
"119","01/01/2025 01:55:00","30.4","30.2","30.2"
"120","01/01/2025 01:56:00","30.5","30.2","30.3"
"121","01/01/2025 01:57:00","30.5","30.2","30.3"
"122","01/01/2025 01:58:00","30.5","30.3","30.3"
"123","01/01/2025 01:59:00","30.5","30.3","30.3"
"124","01/01/2025 02:00:00","30.5","30.4","30.3"
"125","01/01/2025 02:01:00","30.3","30.4","30.2"
"126","01/01/2025 02:02:00","30.3","30.4","30.2"
"127","01/01/2025 02:03:00","30.3","30.4","30.2"
"128","01/01/2025 02:04:00","30.3","30.4","30.2"
"129","01/01/2025 02:05:00","30.2","30.4","30.2"
"130","01/01/2025 02:06:00","30.2","30.4","30.2"
"131","01/01/2025 02:07:00","30.2","30.4","30.3"
"132","01/01/2025 02:08:00","30.2","30.4","30.4"
"133","01/01/2025 02:09:00","30.2","30.4","30.4"
"134","01/01/2025 02:10:00","30.2","30.3","30.4"
"135","01/01/2025 02:11:00","30.3","30.3","30.3"
"136","01/01/2025 02:12:00","30.4","30.3","30.3"
"137","01/01/2025 02:13:00","30.5","30.3","30.2"
"138","01/01/2025 02:14:00","30.5","30.2","30.2"
"139","01/01/2025 02:15:00","30.5","30.2","30.2"
"140","01/01/2025 02:16:00","30.5","30.2","30.2"
"141","01/01/2025 02:17:00","30.5","30.2","30.2"
"142","01/01/2025 02:18:00","30.5","30.3","30.3"
"143","01/01/2025 02:19:00","30.3","30.3","30.4"
"144","01/01/2025 02:20:00","30.3","30.4","30.4"
"145","01/01/2025 02:21:00","30.3","30.4","30.4"
"146","01/01/2025 02:22:00","30.3","30.4","30.3"
"147","01/01/2025 02:23:00","30.2","30.4","30.2"
"148","01/01/2025 02:24:00","30.2","30.4","30.2"
"149","01/01/2025 02:25:00","30.2","30.4","30.2"
"150","01/01/2025 02:26:00","30.2","30.4","30.3"
"151","01/01/2025 02:27:00","30.2","30.4","30.3"
"152","01/01/2025 02:28:00","30.2","30.4","30.3"
"153","01/01/2025 02:29:00","30.3","30.4","30.3"
"154","01/01/2025 02:30:00","30.3","30.3","30.3"
"155","01/01/2025 02:31:00","30.4","30.3","30.3"
"156","01/01/2025 02:32:00","30.5","30.3","30.2"
"157","01/01/2025 02:33:00","30.5","30.3","30.2"
"158","01/01/2025 02:34:00","30.5","30.3","30.2"
"159","01/01/2025 02:35:00","30.5","30.2","30.2"
"160","01/01/2025 02:36:00","30.5","30.2","30.3"
"161","01/01/2025 02:37:00","30.5","30.2","30.3"
"162","01/01/2025 02:38:00","30.3","30.2","30.3"
"163","01/01/2025 02:39:00","30.3","30.3","30.3"
"164","01/01/2025 02:40:00","30.3","30.3","30.2"
"165","01/01/2025 02:41:00","30.3","30.4","30.2"
"166","01/01/2025 02:42:00","30.3","30.4","30.2"
"167","01/01/2025 02:43:00","30.2","30.4","30.3"
"168","01/01/2025 02:44:00","30.2","30.4","30.3"
"169","01/01/2025 02:45:00","30.2","30.4","30.3"
"170","01/01/2025 02:46:00","30.2","30.4","30.3"
"171","01/01/2025 02:47:00","30.2","30.4","30.2"
"172","01/01/2025 02:48:00","30.3","30.4","30.2"
"173","01/01/2025 02:49:00","30.3","30.4","30.2"
"174","01/01/2025 02:50:00","30.4","30.4","30.2"
"175","01/01/2025 02:51:00","30.4","30.4","30.2"
"176","01/01/2025 02:52:00","30.4","30.3","30.3"
"177","01/01/2025 02:53:00","30.4","30.3","30.3"
"178","01/01/2025 02:54:00","30.4","30.3","30.4"
"179","01/01/2025 02:55:00","30.4","30.3","30.4"
"180","01/01/2025 02:56:00","30.3","30.3","30.3"
"181","01/01/2025 02:57:00","30.3","30.2","30.2"
"182","01/01/2025 02:58:00","30.2","30.2","30.2"
"183","01/01/2025 02:59:00","30.2","30.2","30.2"
"184","01/01/2025 03:00:00","30.2","30.2","30.2"
"185","01/01/2025 03:01:00","30.2","30.3","30.2"
"186","01/01/2025 03:02:00","30.2","30.3","30.3"
"187","01/01/2025 03:03:00","30.2","30.4","30.3"
"188","01/01/2025 03:04:00","30.2","30.4","30.3"
"189","01/01/2025 03:05:00","30.3","30.4","30.3"
"190","01/01/2025 03:06:00","30.4","30.4","30.3"
"191","01/01/2025 03:07:00","30.4","30.4","30.2"
"192","01/01/2025 03:08:00","30.5","30.4","30.2"
"193","01/01/2025 03:09:00","30.5","30.4","30.2"
"194","01/01/2025 03:10:00","30.5","30.4","30.2"
"195","01/01/2025 03:11:00","30.5","30.3","30.2"
"196","01/01/2025 03:12:00","30.4","30.3","30.3"
"197","01/01/2025 03:13:00","30.4","30.3","30.3"
"198","01/01/2025 03:14:00","30.4","30.3","30.4"
"199","01/01/2025 03:15:00","30.3","30.3","30.4"
"200","01/01/2025 03:16:00","30.3","30.2","30.4"
"201","01/01/2025 03:17:00","30.2","30.2","30.3"
"202","01/01/2025 03:18:00","30.2","30.2","30.2"
"203","01/01/2025 03:19:00","30.2","30.2","30.2"
"204","01/01/2025 03:20:00","30.2","30.2","30.2"
"205","01/01/2025 03:21:00","30.2","30.3","30.2"
"206","01/01/2025 03:22:00","30.2","30.4","30.3"
"207","01/01/2025 03:23:00","30.3","30.4","30.3"
"208","01/01/2025 03:24:00","30.3","30.4","30.3"
"209","01/01/2025 03:25:00","30.4","30.4","30.3"
"210","01/01/2025 03:26:00","30.5","30.4","30.3"
"211","01/01/2025 03:27:00","30.5","30.4","30.2"
"212","01/01/2025 03:28:00","30.5","30.4","30.2"
"213","01/01/2025 03:29:00","30.5","30.4","30.2"
"214","01/01/2025 03:30:00","30.3","30.4","30.3"
"215","01/01/2025 03:31:00","30.3","30.4","30.3"
"216","01/01/2025 03:32:00","30.3","30.3","30.3"
"217","01/01/2025 03:33:00","30.3","30.3","30.3"
"218","01/01/2025 03:34:00","30.3","30.3","30.3"
"219","01/01/2025 03:35:00","30.2","30.3","30.3"
"220","01/01/2025 03:36:00","30.2","30.3","30.2"
"221","01/01/2025 03:37:00","30.2","30.2","30.2"
"222","01/01/2025 03:38:00","30.2","30.2","30.2"
"223","01/01/2025 03:39:00","30.2","30.2","30.2"
"224","01/01/2025 03:40:00","30.3","30.2","30.3"
"225","01/01/2025 03:41:00","30.3","30.3","30.2"
"226","01/01/2025 03:42:00","30.4","30.4","30.2"
"227","01/01/2025 03:43:00","30.4","30.4","30.3"
"228","01/01/2025 03:44:00","30.4","30.4","30.4"
"229","01/01/2025 03:45:00","30.4","30.4","30.4"
"230","01/01/2025 03:46:00","30.4","30.4","30.4"
"231","01/01/2025 03:47:00","30.4","30.4","30.4"
"232","01/01/2025 03:48:00","30.4","30.4","30.3"
"233","01/01/2025 03:49:00","30.4","30.4","30.3"
"234","01/01/2025 03:50:00","30.3","30.4","30.2"
"235","01/01/2025 03:51:00","30.3","30.4","30.2"
"236","01/01/2025 03:52:00","30.2","30.3","30.2"
"237","01/01/2025 03:53:00","30.2","30.3","30.3"
"238","01/01/2025 03:54:00","30.2","30.3","30.3"
"239","01/01/2025 03:55:00","30.2","30.2","30.3"
"240","01/01/2025 03:56:00","30.2","30.2","30.3"
"241","01/01/2025 03:57:00","30.2","30.2","30.3"
"242","01/01/2025 03:58:00","30.3","30.2","30.3"
"243","01/01/2025 03:59:00","30.4","30.2","30.2"
"244","01/01/2025 04:00:00","30.4","30.3","30.2"
"245","01/01/2025 04:01:00","30.5","30.4","30.2"
"246","01/01/2025 04:02:00","30.5","30.4","30.2"
"247","01/01/2025 04:03:00","30.5","30.4","30.3"
"248","01/01/2025 04:04:00","30.5","30.5","30.3"
"249","01/01/2025 04:05:00","30.5","30.5","30.3"
"250","01/01/2025 04:06:00","30.3","30.5","30.3"
"251","01/01/2025 04:07:00","30.3","30.5","30.3"
"252","01/01/2025 04:08:00","30.3","30.5","30.2"
"253","01/01/2025 04:09:00","30.3","30.3","30.2"
"254","01/01/2025 04:10:00","30.3","30.3","30.2"
"255","01/01/2025 04:11:00","30.2","30.3","30.2"
"256","01/01/2025 04:12:00","30.2","30.3","30.2"
"257","01/01/2025 04:13:00","30.2","30.3","30.3"
"258","01/01/2025 04:14:00","30.2","30.3","30.3"
"259","01/01/2025 04:15:00","30.2","30.3","30.4"
"260","01/01/2025 04:16:00","30.2","30.2","30.4"
"261","01/01/2025 04:17:00","30.3","30.2","30.4"
"262","01/01/2025 04:18:00","30.4","30.2","30.3"
"263","01/01/2025 04:19:00","30.4","30.2","30.2"
"264","01/01/2025 04:20:00","30.5","30.2","30.2"
"265","01/01/2025 04:21:00","30.5","30.3","30.2"
"266","01/01/2025 04:22:00","30.5","30.4","30.2"
"267","01/01/2025 04:23:00","30.5","30.4","30.2"
"268","01/01/2025 04:24:00","30.5","30.4","30.3"
"269","01/01/2025 04:25:00","30.3","30.4","30.4"
"270","01/01/2025 04:26:00","30.3","30.4","30.4"
"271","01/01/2025 04:27:00","30.3","30.4","30.4"
"272","01/01/2025 04:28:00","30.3","30.4","30.3"
"273","01/01/2025 04:29:00","30.3","30.4","30.2"
"274","01/01/2025 04:30:00","30.2","30.4","30.2"
"275","01/01/2025 04:31:00","30.2","30.4","30.2"
"276","01/01/2025 04:32:00","30.2","30.4","30.2"
"277","01/01/2025 04:33:00","30.2","30.4","30.2"
"278","01/01/2025 04:34:00","30.2","30.3","30.2"
"279","01/01/2025 04:35:00","30.3","30.3","30.3"
"280","01/01/2025 04:36:00","30.3","30.3","30.3"
"281","01/01/2025 04:37:00","30.3","30.3","30.4"
"282","01/01/2025 04:38:00","30.4","30.2","30.4"
"283","01/01/2025 04:39:00","30.4","30.2","30.3"
"284","01/01/2025 04:40:00","30.4","30.2","30.2"
"285","01/01/2025 04:41:00","30.3","30.2","30.2"
"286","01/01/2025 04:42:00","30.3","30.3","30.2"
"287","01/01/2025 04:43:00","30.3","30.3","30.2"
"288","01/01/2025 04:44:00","30.2","30.4","30.3"
"289","01/01/2025 04:45:00","30.2","30.4","30.3"
"290","01/01/2025 04:46:00","30.2","30.4","30.3"
"291","01/01/2025 04:47:00","30.2","30.4","30.3"
"292","01/01/2025 04:48:00","30.2","30.4","30.3"
"293","01/01/2025 04:49:00","30.3","30.4","30.2"
"294","01/01/2025 04:50:00","30.4","30.4","30.2"
"295","01/01/2025 04:51:00","30.4","30.4","30.2"
"296","01/01/2025 04:52:00","30.5","30.4","30.2"
"297","01/01/2025 04:53:00","30.5","30.4","30.3"
"298","01/01/2025 04:54:00","30.5","30.4","30.3"
"299","01/01/2025 04:55:00","30.5","30.3","30.4"
"300","01/01/2025 04:56:00","30.5","30.3","30.4"
"301","01/01/2025 04:57:00","30.3","30.3","30.4"
"302","01/01/2025 04:58:00","30.3","30.3","30.3"
"303","01/01/2025 04:59:00","30.3","30.2","30.2"
"304","01/01/2025 05:00:00","30.3","30.2","30.2"
"305","01/01/2025 05:01:00","30.2","30.2","30.2"
"306","01/01/2025 05:02:00","30.2","30.2","30.2"
"307","01/01/2025 05:03:00","30.2","30.2","30.2"
"308","01/01/2025 05:04:00","30.2","30.2","30.2"
"309","01/01/2025 05:05:00","30.2","30.3","30.2"
"310","01/01/2025 05:06:00","30.2","30.4","30.3"
"311","01/01/2025 05:07:00","30.3","30.5","30.3"
"312","01/01/2025 05:08:00","30.3","30.5","30.4"
"313","01/01/2025 05:09:00","30.4","30.5","30.4"
"314","01/01/2025 05:10:00","30.5","30.5","30.4"
"315","01/01/2025 05:11:00","30.5","30.5","30.4"
"316","01/01/2025 05:12:00","30.5","30.5","30.4"
"317","01/01/2025 05:13:00","30.5","30.5","30.3"
"318","01/01/2025 05:14:00","30.5","30.5","30.3"
"319","01/01/2025 05:15:00","30.5","30.5","30.3"
"320","01/01/2025 05:16:00","30.5","30.5","30.3"
"321","01/01/2025 05:17:00","30.4","30.5","30.4"
"322","01/01/2025 05:18:00","30.4","30.3","30.5"
"323","01/01/2025 05:19:00","30.3","30.3","30.5"
"324","01/01/2025 05:20:00","30.3","30.3","30.5"
"325","01/01/2025 05:21:00","30.3","30.3","30.5"
"326","01/01/2025 05:22:00","30.3","30.3","30.3"
"327","01/01/2025 05:23:00","30.3","30.5","30.3"
"328","01/01/2025 05:24:00","30.4","30.5","30.3"
"329","01/01/2025 05:25:00","30.4","30.5","30.3"
"330","01/01/2025 05:26:00","30.5","30.5","30.5"
"331","01/01/2025 05:27:00","30.5","30.5","30.5"
"332","01/01/2025 05:28:00","30.5","30.5","30.5"
"333","01/01/2025 05:29:00","30.5","30.5","30.5"
"334","01/01/2025 05:30:00","30.5","30.5","30.5"
"335","01/01/2025 05:31:00","30.5","30.5","30.5"
"336","01/01/2025 05:32:00","30.5","30.5","30.4"
"337","01/01/2025 05:33:00","30.3","30.5","30.4"
"338","01/01/2025 05:34:00","30.3","30.5","30.3"
"339","01/01/2025 05:35:00","30.3","30.4","30.3"
"340","01/01/2025 05:36:00","30.3","30.4","30.3"
"341","01/01/2025 05:37:00","30.3","30.4","30.5"
"342","01/01/2025 05:38:00","30.3","30.4","30.5"
"343","01/01/2025 05:39:00","30.5","30.3","30.5"
"344","01/01/2025 05:40:00","30.5","30.3","30.5"
"345","01/01/2025 05:41:00","30.5","30.3","30.5"
"346","01/01/2025 05:42:00","30.5","30.3","30.3"
"347","01/01/2025 05:43:00","30.6","30.3","30.3"
"348","01/01/2025 05:44:00","30.6","30.5","30.3"
"349","01/01/2025 05:45:00","30.6","30.5","30.3"
"350","01/01/2025 05:46:00","30.6","30.5","30.5"
"351","01/01/2025 05:47:00","30.5","30.5","30.5"
"352","01/01/2025 05:48:00","30.5","30.5","30.5"
"353","01/01/2025 05:49:00","30.4","30.5","30.5"
"354","01/01/2025 05:50:00","30.4","30.5","30.5"
"355","01/01/2025 05:51:00","30.3","30.5","30.5"
"356","01/01/2025 05:52:00","30.3","30.5","30.5"
"357","01/01/2025 05:53:00","30.3","30.5","30.3"
"358","01/01/2025 05:54:00","30.3","30.5","30.3"
"359","01/01/2025 05:55:00","30.3","30.5","30.5"
"360","01/01/2025 05:56:00","30.3","30.4","30.5"
"361","01/01/2025 05:57:00","30.5","30.4","30.5"
"362","01/01/2025 05:58:00","30.5","30.4","30.5"
"363","01/01/2025 05:59:00","30.5","30.3","30.5"
"364","01/01/2025 06:00:00","30.6","30.3","30.5"
"365","01/01/2025 06:01:00","30.6","30.3","30.3"
"366","01/01/2025 06:02:00","30.6","30.3","30.3"
"367","01/01/2025 06:03:00","30.6","30.3","30.3"
"368","01/01/2025 06:04:00","30.5","30.5","30.4"
"369","01/01/2025 06:05:00","30.5","30.5","30.4"
"370","01/01/2025 06:06:00","30.4","30.5","30.5"
"371","01/01/2025 06:07:00","30.3","30.5","30.3"
"372","01/01/2025 06:08:00","30.3","30.5","30.3"
"373","01/01/2025 06:09:00","30.3","30.5","30.3"
"374","01/01/2025 06:10:00","30.3","30.5","30.3"
"375","01/01/2025 06:11:00","30.3","30.5","30.5"
"376","01/01/2025 06:12:00","30.4","30.5","30.5"
"377","01/01/2025 06:13:00","30.4","30.5","30.5"
"378","01/01/2025 06:14:00","30.5","30.5","30.5"
"379","01/01/2025 06:15:00","30.5","30.5","30.5"
"380","01/01/2025 06:16:00","30.5","30.4","30.4"
"381","01/01/2025 06:17:00","30.5","30.4","30.4"
"382","01/01/2025 06:18:00","30.5","30.4","30.3"
"383","01/01/2025 06:19:00","30.5","30.3","30.3"
"384","01/01/2025 06:20:00","30.5","30.3","30.3"
"385","01/01/2025 06:21:00","30.3","30.3","30.5"
"386","01/01/2025 06:22:00","30.3","30.3","30.5"
"387","01/01/2025 06:23:00","30.3","30.3","30.5"
"388","01/01/2025 06:24:00","30.3","30.5","30.5"
"389","01/01/2025 06:25:00","30.3","30.5","30.4"
"390","01/01/2025 06:26:00","30.3","30.5","30.4"
"391","01/01/2025 06:27:00","30.5","30.5","30.3"
"392","01/01/2025 06:28:00","30.5","30.5","30.3"
"393","01/01/2025 06:29:00","30.5","30.5","30.3"
"394","01/01/2025 06:30:00","30.5","30.5","30.3"
"395","01/01/2025 06:31:00","30.6","30.5","30.5"
"396","01/01/2025 06:32:00","30.6","30.5","30.5"
"397","01/01/2025 06:33:00","30.6","30.5","30.5"
"398","01/01/2025 06:34:00","30.6","30.5","30.5"
"399","01/01/2025 06:35:00","30.5","30.5","30.5"
"400","01/01/2025 06:36:00","30.5","30.4","30.5"
"401","01/01/2025 06:37:00","30.4","30.4","30.3"
"402","01/01/2025 06:38:00","30.4","30.4","30.3"
"403","01/01/2025 06:39:00","30.3","30.4","30.3"
"404","01/01/2025 06:40:00","30.3","30.5","30.3"
"405","01/01/2025 06:41:00","30.3","30.5","30.5"
"406","01/01/2025 06:42:00","30.3","30.6","30.5"
"407","01/01/2025 06:43:00","30.5","30.6","30.5"
"408","01/01/2025 06:44:00","30.5","30.6","30.5"
"409","01/01/2025 06:45:00","30.5","30.6","30.4"
"410","01/01/2025 06:46:00","30.5","30.6","30.4"
"411","01/01/2025 06:47:00","30.5","30.6","30.4"
"412","01/01/2025 06:48:00","30.5","30.6","30.4"
"413","01/01/2025 06:49:00","30.5","30.6","30.4"
"414","01/01/2025 06:50:00","30.5","30.6","30.5"
"415","01/01/2025 06:51:00","30.5","30.5","30.6"
"416","01/01/2025 06:52:00","30.4","30.5","30.6"
"417","01/01/2025 06:53:00","30.4","30.5","30.6"
"418","01/01/2025 06:54:00","30.3","30.4","30.6"
"419","01/01/2025 06:55:00","30.3","30.4","30.6"
"420","01/01/2025 06:56:00","30.5","30.4","30.5"
"421","01/01/2025 06:57:00","30.5","30.4","30.5"
"422","01/01/2025 06:58:00","30.5","30.4","30.4"
"423","01/01/2025 06:59:00","30.5","30.5","30.4"
"424","01/01/2025 07:00:00","30.5","30.6","30.4"
"425","01/01/2025 07:01:00","30.5","30.6","30.4"
"426","01/01/2025 07:02:00","30.5","30.6","30.5"
"427","01/01/2025 07:03:00","30.5","30.6","30.6"
"428","01/01/2025 07:04:00","30.5","30.6","30.6"
"429","01/01/2025 07:05:00","30.4","30.6","30.6"
"430","01/01/2025 07:06:00","30.4","30.6","30.5"
"431","01/01/2025 07:07:00","30.4","30.6","30.5"
"432","01/01/2025 07:08:00","30.4","30.6","30.4"
"433","01/01/2025 07:09:00","30.4","30.5","30.4"
"434","01/01/2025 07:10:00","30.4","30.5","30.4"
"435","01/01/2025 07:11:00","30.5","30.5","30.4"
"436","01/01/2025 07:12:00","30.6","30.5","30.5"
"437","01/01/2025 07:13:00","30.6","30.4","30.5"
"438","01/01/2025 07:14:00","30.6","30.4","30.6"
"439","01/01/2025 07:15:00","30.6","30.4","30.6"
"440","01/01/2025 07:16:00","30.6","30.4","30.5"
"441","01/01/2025 07:17:00","30.6","30.5","30.5"
"442","01/01/2025 07:18:00","30.5","30.6","30.4"
"443","01/01/2025 07:19:00","30.5","30.6","30.4"
"444","01/01/2025 07:20:00","30.5","30.6","30.4"
"445","01/01/2025 07:21:00","30.5","30.6","30.5"
"446","01/01/2025 07:22:00","30.5","30.6","30.6"
"447","01/01/2025 07:23:00","30.4","30.6","30.6"
"448","01/01/2025 07:24:00","30.4","30.6","30.6"
"449","01/01/2025 07:25:00","30.4","30.6","30.6"
"450","01/01/2025 07:26:00","30.3","30.5","30.6"
"451","01/01/2025 07:27:00","30.3","30.5","30.5"
"452","01/01/2025 07:28:00","30.5","30.5","30.5"
"453","01/01/2025 07:29:00","30.5","30.5","30.4"
"454","01/01/2025 07:30:00","30.5","30.5","30.4"
"455","01/01/2025 07:31:00","30.5","30.5","30.4"
"456","01/01/2025 07:32:00","30.5","30.5","30.5"
"457","01/01/2025 07:33:00","30.5","30.4","30.6"
"458","01/01/2025 07:34:00","30.5","30.4","30.6"
"459","01/01/2025 07:35:00","30.5","30.4","30.6"
"460","01/01/2025 07:36:00","30.5","30.4","30.5"
"461","01/01/2025 07:37:00","30.4","30.5","30.5"
"462","01/01/2025 07:38:00","30.4","30.6","30.4"
"463","01/01/2025 07:39:00","30.3","30.6","30.4"
"464","01/01/2025 07:40:00","30.3","30.6","30.4"
"465","01/01/2025 07:41:00","30.4","30.6","30.4"
"466","01/01/2025 07:42:00","30.4","30.6","30.5"
"467","01/01/2025 07:43:00","30.5","30.6","30.6"
"468","01/01/2025 07:44:00","30.6","30.6","30.6"
"469","01/01/2025 07:45:00","30.6","30.6","30.6"
"470","01/01/2025 07:46:00","30.6","30.5","30.6"
"471","01/01/2025 07:47:00","30.6","30.5","30.6"
"472","01/01/2025 07:48:00","30.6","30.5","30.5"
"473","01/01/2025 07:49:00","30.6","30.5","30.5"
"474","01/01/2025 07:50:00","30.6","30.5","30.4"
"475","01/01/2025 07:51:00","30.5","30.5","30.4"
"476","01/01/2025 07:52:00","30.5","30.5","30.4"
"477","01/01/2025 07:53:00","30.5","30.4","30.4"
"478","01/01/2025 07:54:00","30.5","30.4","30.5"
"479","01/01/2025 07:55:00","30.4","30.4","30.5"
"480","01/01/2025 07:56:00","30.4","30.4","30.6"
"481","01/01/2025 07:57:00","30.4","30.4","30.6"
"482","01/01/2025 07:58:00","30.3","30.5","30.6"
"483","01/01/2025 07:59:00","30.3","30.6","30.5"
"484","01/01/2025 08:00:00","30.5","30.6","30.5"
"485","01/01/2025 08:01:00","30.5","30.6","30.4"
"486","01/01/2025 08:02:00","30.5","30.6","30.4"
"487","01/01/2025 08:03:00","30.5","30.6","30.4"
"488","01/01/2025 08:04:00","30.6","30.6","30.4"
"489","01/01/2025 08:05:00","30.6","30.6","30.5"
"490","01/01/2025 08:06:00","30.6","30.6","30.6"
"491","01/01/2025 08:07:00","30.6","30.6","30.6"
"492","01/01/2025 08:08:00","30.6","30.6","30.6"
"493","01/01/2025 08:09:00","30.6","30.5","30.6"
"494","01/01/2025 08:10:00","30.6","30.5","30.6"
"495","01/01/2025 08:11:00","30.5","30.5","30.6"
"496","01/01/2025 08:12:00","30.5","30.5","30.5"
"497","01/01/2025 08:13:00","30.5","30.6","30.5"
"498","01/01/2025 08:14:00","30.5","30.6","30.5"
"499","01/01/2025 08:15:00","30.5","30.6","30.5"
"500","01/01/2025 08:16:00","30.5","30.6","30.6"
"501","01/01/2025 08:17:00","30.6","30.6","30.6"
"502","01/01/2025 08:18:00","30.7","30.6","30.6"
"503","01/01/2025 08:19:00","30.7","30.6","30.6"
"504","01/01/2025 08:20:00","30.7","30.6","30.6"
"505","01/01/2025 08:21:00","30.7","30.6","30.6"
"506","01/01/2025 08:22:00","30.7","30.6","30.6"
"507","01/01/2025 08:23:00","30.7","30.6","30.5"
"508","01/01/2025 08:24:00","30.7","30.5","30.5"
"509","01/01/2025 08:25:00","30.6","30.5","30.5"
"510","01/01/2025 08:26:00","30.6","30.5","30.6"
"511","01/01/2025 08:27:00","30.6","30.5","30.6"
"512","01/01/2025 08:28:00","30.6","30.5","30.6"
"513","01/01/2025 08:29:00","30.5","30.6","30.6"
"514","01/01/2025 08:30:00","30.5","30.7","30.6"
"515","01/01/2025 08:31:00","30.5","30.7","30.6"
"516","01/01/2025 08:32:00","30.5","30.7","30.6"
"517","01/01/2025 08:33:00","30.5","30.7","30.5"
"518","01/01/2025 08:34:00","30.5","30.7","30.5"
"519","01/01/2025 08:35:00","30.6","30.7","30.5"
"520","01/01/2025 08:36:00","30.6","30.7","30.5"
"521","01/01/2025 08:37:00","30.7","30.7","30.6"
"522","01/01/2025 08:38:00","30.7","30.7","30.7"
"523","01/01/2025 08:39:00","30.7","30.7","30.7"
"524","01/01/2025 08:40:00","30.7","30.6","30.7"
"525","01/01/2025 08:41:00","30.7","30.6","30.6"
"526","01/01/2025 08:42:00","30.7","30.6","30.6"
"527","01/01/2025 08:43:00","30.7","30.5","30.6"
"528","01/01/2025 08:44:00","30.7","30.5","30.5"
"529","01/01/2025 08:45:00","30.6","30.5","30.5"
"530","01/01/2025 08:46:00","30.6","30.5","30.5"
"531","01/01/2025 08:47:00","30.5","30.5","30.5"
"532","01/01/2025 08:48:00","30.5","30.6","30.6"
"533","01/01/2025 08:49:00","30.5","30.6","30.6"
"534","01/01/2025 08:50:00","30.5","30.7","30.6"
"535","01/01/2025 08:51:00","30.5","30.7","30.6"
"536","01/01/2025 08:52:00","30.6","30.7","30.6"
"537","01/01/2025 08:53:00","30.6","30.7","30.6"
"538","01/01/2025 08:54:00","30.6","30.7","30.6"
"539","01/01/2025 08:55:00","30.6","30.7","30.5"
"540","01/01/2025 08:56:00","30.6","30.7","30.5"
"541","01/01/2025 08:57:00","30.6","30.6","30.5"
"542","01/01/2025 08:58:00","30.6","30.6","30.6"
"543","01/01/2025 08:59:00","30.6","30.6","30.6"
"544","01/01/2025 09:00:00","30.6","30.6","30.6"
"545","01/01/2025 09:01:00","30.6","30.5","30.6"
"546","01/01/2025 09:02:00","30.5","30.5","30.6"
"547","01/01/2025 09:03:00","30.5","30.5","30.6"
"548","01/01/2025 09:04:00","30.5","30.5","30.6"
"549","01/01/2025 09:05:00","30.5","30.5","30.5"
"550","01/01/2025 09:06:00","30.5","30.6","30.5"
"551","01/01/2025 09:07:00","30.5","30.7","30.5"
"552","01/01/2025 09:08:00","30.6","30.7","30.5"
"553","01/01/2025 09:09:00","30.7","30.7","30.6"
"554","01/01/2025 09:10:00","30.7","30.7","30.6"
"555","01/01/2025 09:11:00","30.7","30.7","30.6"
"556","01/01/2025 09:12:00","30.7","30.7","30.6"
"557","01/01/2025 09:13:00","30.7","30.7","30.6"
"558","01/01/2025 09:14:00","30.7","30.7","30.6"
"559","01/01/2025 09:15:00","30.7","30.7","30.6"
"560","01/01/2025 09:16:00","30.7","30.6","30.6"
"561","01/01/2025 09:17:00","30.6","30.6","30.5"
"562","01/01/2025 09:18:00","30.5","30.6","30.5"
"563","01/01/2025 09:19:00","30.5","30.6","30.5"
"564","01/01/2025 09:20:00","30.5","30.6","30.6"
"565","01/01/2025 09:21:00","30.5","30.6","30.6"
"566","01/01/2025 09:22:00","30.6","30.7","30.6"
"567","01/01/2025 09:23:00","30.7","30.7","30.6"
"568","01/01/2025 09:24:00","30.7","30.7","30.7"
"569","01/01/2025 09:25:00","30.7","30.7","30.7"
"570","01/01/2025 09:26:00","30.7","30.7","30.7"
"571","01/01/2025 09:27:00","30.7","30.7","30.7"
"572","01/01/2025 09:28:00","30.7","30.7","30.7"
"573","01/01/2025 09:29:00","30.7","30.7","30.6"
"574","01/01/2025 09:30:00","30.7","30.7","30.6"
"575","01/01/2025 09:31:00","30.7","30.7","30.7"
"576","01/01/2025 09:32:00","30.6","30.6","30.7"
"577","01/01/2025 09:33:00","30.6","30.6","30.7"
"578","01/01/2025 09:34:00","30.6","30.6","30.7"
"579","01/01/2025 09:35:00","30.6","30.6","30.6"
"580","01/01/2025 09:36:00","30.6","30.6","30.6"
"581","01/01/2025 09:37:00","30.7","30.7","30.6"
"582","01/01/2025 09:38:00","30.7","30.8","30.7"
"583","01/01/2025 09:39:00","30.7","30.8","30.7"
"584","01/01/2025 09:40:00","30.7","30.8","30.7"
"585","01/01/2025 09:41:00","30.7","30.8","30.7"
"586","01/01/2025 09:42:00","30.7","30.8","30.7"
"587","01/01/2025 09:43:00","30.7","30.8","30.6"
"588","01/01/2025 09:44:00","30.7","30.8","30.6"
"589","01/01/2025 09:45:00","30.7","30.8","30.7"
"590","01/01/2025 09:46:00","30.6","30.8","30.7"
"591","01/01/2025 09:47:00","30.6","30.8","30.7"
"592","01/01/2025 09:48:00","30.6","30.7","30.7"
"593","01/01/2025 09:49:00","30.6","30.7","30.7"
"594","01/01/2025 09:50:00","30.6","30.7","30.6"
"595","01/01/2025 09:51:00","30.6","30.6","30.6"
"596","01/01/2025 09:52:00","30.7","30.6","30.7"
"597","01/01/2025 09:53:00","30.8","30.6","30.7"
"598","01/01/2025 09:54:00","30.8","30.6","30.7"
"599","01/01/2025 09:55:00","30.8","30.7","30.7"
"600","01/01/2025 09:56:00","30.8","30.7","30.6"
"601","01/01/2025 09:57:00","30.8","30.8","30.6"
"602","01/01/2025 09:58:00","30.8","30.8","30.6"
"603","01/01/2025 09:59:00","30.8","30.8","30.7"
"604","01/01/2025 10:00:00","30.8","30.8","30.7"
"605","01/01/2025 10:01:00","30.7","30.8","30.7"
"606","01/01/2025 10:02:00","30.7","30.8","30.7"
"607","01/01/2025 10:03:00","30.6","30.8","30.7"
"608","01/01/2025 10:04:00","30.6","30.8","30.7"
"609","01/01/2025 10:05:00","30.6","30.8","30.6"
"610","01/01/2025 10:06:00","30.6","30.8","30.6"
"611","01/01/2025 10:07:00","30.6","30.7","30.7"
"612","01/01/2025 10:08:00","30.6","30.7","30.7"
"613","01/01/2025 10:09:00","30.7","30.7","30.7"
"614","01/01/2025 10:10:00","30.7","30.6","30.7"
"615","01/01/2025 10:11:00","30.8","30.6","30.7"
"616","01/01/2025 10:12:00","30.8","30.6","30.6"
"617","01/01/2025 10:13:00","30.8","30.6","30.6"
"618","01/01/2025 10:14:00","30.8","30.7","30.6"
"619","01/01/2025 10:15:00","30.8","30.7","30.7"
"620","01/01/2025 10:16:00","30.8","30.8","30.7"
"621","01/01/2025 10:17:00","30.8","30.8","30.7"
"622","01/01/2025 10:18:00","30.8","30.8","30.7"
"623","01/01/2025 10:19:00","30.7","30.8","30.8"
"624","01/01/2025 10:20:00","30.7","30.8","30.8"
"625","01/01/2025 10:21:00","30.7","30.8","30.8"
"626","01/01/2025 10:22:00","30.7","30.8","30.8"
"627","01/01/2025 10:23:00","30.7","30.8","30.8"
"628","01/01/2025 10:24:00","30.7","30.8","30.7"
"629","01/01/2025 10:25:00","30.7","30.7","30.7"
"630","01/01/2025 10:26:00","30.7","30.7","30.8"
"631","01/01/2025 10:27:00","30.8","30.7","30.8"
"632","01/01/2025 10:28:00","30.9","30.7","30.8"
"633","01/01/2025 10:29:00","30.9","30.7","30.8"
"634","01/01/2025 10:30:00","31.0","30.7","30.8"
"635","01/01/2025 10:31:00","30.9","30.8","30.7"
"636","01/01/2025 10:32:00","30.9","30.8","30.7"
"637","01/01/2025 10:33:00","30.9","30.8","30.7"
"638","01/01/2025 10:34:00","30.9","30.9","30.8"
"639","01/01/2025 10:35:00","30.8","30.9","30.8"
"640","01/01/2025 10:36:00","30.8","30.8","30.8"
"641","01/01/2025 10:37:00","30.8","30.8","30.8"
"642","01/01/2025 10:38:00","30.8","30.8","30.8"
"643","01/01/2025 10:39:00","30.8","30.8","30.7"
"644","01/01/2025 10:40:00","30.8","30.8","30.7"
"645","01/01/2025 10:41:00","30.7","30.8","30.7"
"646","01/01/2025 10:42:00","30.7","30.8","30.8"
"647","01/01/2025 10:43:00","30.6","30.7","30.8"
"648","01/01/2025 10:44:00","30.6","30.7","30.8"
"649","01/01/2025 10:45:00","30.6","30.7","30.8"
"650","01/01/2025 10:46:00","30.7","30.7","30.8"
"651","01/01/2025 10:47:00","30.8","30.8","30.8"
"652","01/01/2025 10:48:00","30.8","30.8","30.7"
"653","01/01/2025 10:49:00","30.8","30.8","30.7"
"654","01/01/2025 10:50:00","30.8","30.8","30.7"
"655","01/01/2025 10:51:00","30.8","30.8","30.8"
"656","01/01/2025 10:52:00","30.8","30.8","30.8"
"657","01/01/2025 10:53:00","30.8","30.8","30.8"
"658","01/01/2025 10:54:00","30.8","30.8","30.8"
"659","01/01/2025 10:55:00","30.8","30.7","30.8"
"660","01/01/2025 10:56:00","30.8","30.7","30.7"
"661","01/01/2025 10:57:00","30.8","30.7","30.7"
"662","01/01/2025 10:58:00","30.8","30.8","30.7"
"663","01/01/2025 10:59:00","30.7","30.8","30.8"
"664","01/01/2025 11:00:00","30.7","30.8","30.8"
"665","01/01/2025 11:01:00","30.7","30.8","30.8"
"666","01/01/2025 11:02:00","30.7","30.8","30.8"
"667","01/01/2025 11:03:00","30.7","30.8","30.7"
"668","01/01/2025 11:04:00","30.7","30.8","30.7"
"669","01/01/2025 11:05:00","30.7","30.8","30.7"
"670","01/01/2025 11:06:00","30.8","30.8","30.8"
"671","01/01/2025 11:07:00","30.9","30.8","30.8"
"672","01/01/2025 11:08:00","30.9","30.7","30.8"
"673","01/01/2025 11:09:00","31.0","30.7","30.8"
"674","01/01/2025 11:10:00","31.0","30.7","30.8"
"675","01/01/2025 11:11:00","30.9","30.8","30.7"
"676","01/01/2025 11:12:00","30.9","30.8","30.7"
"677","01/01/2025 11:13:00","30.9","30.8","30.8"
"678","01/01/2025 11:14:00","30.8","30.8","30.8"
"679","01/01/2025 11:15:00","30.8","30.8","30.8"
"680","01/01/2025 11:16:00","30.8","30.8","30.8"
"681","01/01/2025 11:17:00","30.8","30.8","30.7"
"682","01/01/2025 11:18:00","30.8","30.8","30.7"
"683","01/01/2025 11:19:00","30.7","30.8","30.8"
"684","01/01/2025 11:20:00","30.7","30.8","30.8"
"685","01/01/2025 11:21:00","30.7","30.7","30.8"
"686","01/01/2025 11:22:00","30.7","30.7","30.8"
"687","01/01/2025 11:23:00","30.7","30.7","30.8"
"688","01/01/2025 11:24:00","30.7","30.7","30.7"
"689","01/01/2025 11:25:00","30.7","30.8","30.7"
"690","01/01/2025 11:26:00","30.7","30.8","30.7"
"691","01/01/2025 11:27:00","30.8","30.8","30.8"
"692","01/01/2025 11:28:00","30.8","30.8","30.8"
"693","01/01/2025 11:29:00","30.8","30.8","30.8"
"694","01/01/2025 11:30:00","30.8","30.8","30.8"
"695","01/01/2025 11:31:00","30.8","30.8","30.7"
"696","01/01/2025 11:32:00","30.8","30.8","30.7"
"697","01/01/2025 11:33:00","30.8","30.8","30.7"
"698","01/01/2025 11:34:00","30.8","30.8","30.7"
"699","01/01/2025 11:35:00","30.8","30.8","30.8"
"700","01/01/2025 11:36:00","31.0","30.8","30.8"
"701","01/01/2025 11:37:00","31.0","30.9","30.9"
"702","01/01/2025 11:38:00","31.0","30.9","30.9"
"703","01/01/2025 11:39:00","31.0","31.0","31.0"
"704","01/01/2025 11:40:00","31.0","31.0","31.0"
"705","01/01/2025 11:41:00","31.0","31.0","30.9"
"706","01/01/2025 11:42:00","30.9","31.0","30.8"
"707","01/01/2025 11:43:00","30.9","31.0","30.8"
"708","01/01/2025 11:44:00","30.9","30.9","30.8"
"709","01/01/2025 11:45:00","30.8","30.9","30.9"
"710","01/01/2025 11:46:00","30.8","30.9","30.9"
"711","01/01/2025 11:47:00","30.8","30.8","31.0"
"712","01/01/2025 11:48:00","30.8","30.8","30.9"
"713","01/01/2025 11:49:00","30.8","30.8","30.9"
"714","01/01/2025 11:50:00","30.9","30.9","30.8"
"715","01/01/2025 11:51:00","30.9","30.9","30.8"
"716","01/01/2025 11:52:00","31.0","30.9","30.8"
"717","01/01/2025 11:53:00","31.0","31.0","30.9"
"718","01/01/2025 11:54:00","31.0","31.0","30.9"
"719","01/01/2025 11:55:00","31.0","30.9","31.0"
"720","01/01/2025 11:56:00","30.9","30.9","30.9"
"721","01/01/2025 11:57:00","30.9","30.9","30.9"
"722","01/01/2025 11:58:00","30.8","30.9","30.8"
"723","01/01/2025 11:59:00","30.8","30.8","30.8"
"724","01/01/2025 12:00:00","30.8","30.8","30.8"
"725","01/01/2025 12:01:00","30.8","30.8","30.9"
"726","01/01/2025 12:02:00","30.8","30.9","30.9"
"727","01/01/2025 12:03:00","30.8","30.9","30.9"
"728","01/01/2025 12:04:00","30.9","31.0","30.9"
"729","01/01/2025 12:05:00","31.0","31.0","30.9"
"730","01/01/2025 12:06:00","31.0","31.0","30.8"
"731","01/01/2025 12:07:00","31.0","31.0","30.8"
"732","01/01/2025 12:08:00","31.0","31.0","30.9"
"733","01/01/2025 12:09:00","31.0","31.0","30.9"
"734","01/01/2025 12:10:00","31.0","31.0","30.9"
"735","01/01/2025 12:11:00","31.0","31.0","30.9"
"736","01/01/2025 12:12:00","30.9","30.9","30.9"
"737","01/01/2025 12:13:00","30.9","30.9","30.8"
"738","01/01/2025 12:14:00","30.8","30.9","30.8"
"739","01/01/2025 12:15:00","30.8","30.8","30.8"
"740","01/01/2025 12:16:00","30.8","30.8","30.8"
"741","01/01/2025 12:17:00","30.8","30.8","30.9"
"742","01/01/2025 12:18:00","30.8","30.9","30.9"
"743","01/01/2025 12:19:00","30.9","30.9","31.0"
"744","01/01/2025 12:20:00","30.9","30.9","30.9"
"745","01/01/2025 12:21:00","31.0","31.0","30.9"
"746","01/01/2025 12:22:00","31.0","31.0","30.9"
"747","01/01/2025 12:23:00","31.0","31.0","30.9"
"748","01/01/2025 12:24:00","31.0","30.9","30.8"
"749","01/01/2025 12:25:00","31.0","30.9","30.8"
"750","01/01/2025 12:26:00","30.9","30.9","30.9"
"751","01/01/2025 12:27:00","30.9","30.8","30.9"
"752","01/01/2025 12:28:00","30.8","30.8","30.8"
"753","01/01/2025 12:29:00","30.8","30.8","30.9"
"754","01/01/2025 12:30:00","30.8","30.9","30.9"
"755","01/01/2025 12:31:00","30.8","30.9","30.9"
"756","01/01/2025 12:32:00","30.8","31.0","30.8"
"757","01/01/2025 12:33:00","30.9","31.0","30.8"
"758","01/01/2025 12:34:00","30.9","31.0","30.9"
"759","01/01/2025 12:35:00","31.0","31.0","30.9"
"760","01/01/2025 12:36:00","31.0","30.9","31.0"
"761","01/01/2025 12:37:00","31.0","30.9","30.9"
"762","01/01/2025 12:38:00","31.0","30.9","30.9"
"763","01/01/2025 12:39:00","31.0","30.9","30.8"
"764","01/01/2025 12:40:00","30.9","30.8","30.8"
"765","01/01/2025 12:41:00","30.9","30.8","30.9"
"766","01/01/2025 12:42:00","30.9","30.8","30.9"
"767","01/01/2025 12:43:00","30.8","30.8","31.0"
"768","01/01/2025 12:44:00","30.8","30.9","31.0"
"769","01/01/2025 12:45:00","30.8","31.0","30.9"
"770","01/01/2025 12:46:00","30.8","31.0","30.8"
"771","01/01/2025 12:47:00","30.8","31.0","30.8"
"772","01/01/2025 12:48:00","30.9","31.0","30.9"
"773","01/01/2025 12:49:00","31.0","31.0","31.0"
"774","01/01/2025 12:50:00","31.0","30.9","31.0"
"775","01/01/2025 12:51:00","31.0","30.9","30.9"
"776","01/01/2025 12:52:00","31.0","30.9","30.9"
"777","01/01/2025 12:53:00","31.0","30.9","30.8"
"778","01/01/2025 12:54:00","31.0","30.8","30.8"
"779","01/01/2025 12:55:00","30.9","30.8","30.8"
"780","01/01/2025 12:56:00","30.9","30.9","30.8"
"781","01/01/2025 12:57:00","30.8","30.9","30.9"
"782","01/01/2025 12:58:00","30.8","30.9","30.9"
"783","01/01/2025 12:59:00","30.8","31.0","31.0"
"784","01/01/2025 13:00:00","30.8","31.0","30.9"
"785","01/01/2025 13:01:00","30.8","30.9","30.9"
"786","01/01/2025 13:02:00","30.9","30.9","30.8"
"787","01/01/2025 13:03:00","30.9","30.9","30.8"
"788","01/01/2025 13:04:00","31.0","30.9","30.9"
"789","01/01/2025 13:05:00","31.0","31.0","31.0"
"790","01/01/2025 13:06:00","31.0","31.0","31.0"
"791","01/01/2025 13:07:00","31.0","31.0","31.0"
"792","01/01/2025 13:08:00","31.0","31.0","31.0"
"793","01/01/2025 13:09:00","31.0","31.0","31.0"
"794","01/01/2025 13:10:00","31.0","31.0","31.0"
"795","01/01/2025 13:11:00","31.0","31.0","30.9"
"796","01/01/2025 13:12:00","31.0","31.0","30.9"
"797","01/01/2025 13:13:00","31.0","31.0","31.0"
"798","01/01/2025 13:14:00","30.9","30.9","31.0"
"799","01/01/2025 13:15:00","30.9","30.8","31.0"
"800","01/01/2025 13:16:00","30.9","30.8","31.0"
"801","01/01/2025 13:17:00","30.9","30.8","31.0"
"802","01/01/2025 13:18:00","31.0","30.9","31.0"
"803","01/01/2025 13:19:00","31.0","31.0","30.9"
"804","01/01/2025 13:20:00","31.0","31.0","30.9"
"805","01/01/2025 13:21:00","31.0","31.0","31.0"
"806","01/01/2025 13:22:00","31.0","31.0","31.1"
"807","01/01/2025 13:23:00","31.0","31.0","31.1"
"808","01/01/2025 13:24:00","31.0","31.0","31.1"
"809","01/01/2025 13:25:00","31.0","31.0","31.0"
"810","01/01/2025 13:26:00","31.0","31.0","31.0"
"811","01/01/2025 13:27:00","31.0","31.0","30.9"
"812","01/01/2025 13:28:00","30.9","31.0","30.9"
"813","01/01/2025 13:29:00","30.9","31.0","31.0"
"814","01/01/2025 13:30:00","30.9","30.9","31.0"
"815","01/01/2025 13:31:00","30.9","30.9","31.1"
"816","01/01/2025 13:32:00","30.9","30.9","31.1"
"817","01/01/2025 13:33:00","31.0","30.9","31.0"
"818","01/01/2025 13:34:00","31.0","31.0","31.0"
"819","01/01/2025 13:35:00","31.0","31.1","31.0"
"820","01/01/2025 13:36:00","31.0","31.1","30.9"
"821","01/01/2025 13:37:00","31.0","31.1","30.9"
"822","01/01/2025 13:38:00","31.0","31.1","30.9"
"823","01/01/2025 13:39:00","31.0","31.1","31.0"
"824","01/01/2025 13:40:00","31.0","31.0","31.0"
"825","01/01/2025 13:41:00","30.9","31.0","31.0"
"826","01/01/2025 13:42:00","30.9","31.0","31.0"
"827","01/01/2025 13:43:00","30.9","31.0","31.0"
"828","01/01/2025 13:44:00","30.9","31.0","30.9"
"829","01/01/2025 13:45:00","30.9","31.0","30.9"
"830","01/01/2025 13:46:00","31.0","30.9","30.9"
"831","01/01/2025 13:47:00","31.0","30.9","31.0"
"832","01/01/2025 13:48:00","31.0","30.9","31.0"
"833","01/01/2025 13:49:00","31.0","31.0","31.0"
"834","01/01/2025 13:50:00","31.0","31.0","31.0"
"835","01/01/2025 13:51:00","31.0","31.0","31.0"
"836","01/01/2025 13:52:00","31.0","31.0","30.9"
"837","01/01/2025 13:53:00","31.0","31.0","30.9"
"838","01/01/2025 13:54:00","31.0","31.0","31.0"
"839","01/01/2025 13:55:00","30.9","31.0","31.0"
"840","01/01/2025 13:56:00","30.9","31.0","31.0"
"841","01/01/2025 13:57:00","30.9","31.0","31.0"
"842","01/01/2025 13:58:00","30.9","31.0","31.0"
"843","01/01/2025 13:59:00","30.9","30.9","31.0"
"844","01/01/2025 14:00:00","31.0","30.9","30.9"
"845","01/01/2025 14:01:00","31.1","30.9","30.9"
"846","01/01/2025 14:02:00","31.1","30.9","30.9"
"847","01/01/2025 14:03:00","31.1","31.0","31.0"
"848","01/01/2025 14:04:00","31.1","31.0","31.0"
"849","01/01/2025 14:05:00","31.1","31.0","31.0"
"850","01/01/2025 14:06:00","31.1","31.0","31.0"
"851","01/01/2025 14:07:00","31.0","31.0","30.9"
"852","01/01/2025 14:08:00","31.0","31.0","30.9"
"853","01/01/2025 14:09:00","31.0","31.0","31.0"
"854","01/01/2025 14:10:00","31.0","31.0","31.0"
"855","01/01/2025 14:11:00","31.0","31.0","31.0"
"856","01/01/2025 14:12:00","30.9","30.9","31.0"
"857","01/01/2025 14:13:00","30.9","30.9","31.0"
"858","01/01/2025 14:14:00","30.9","30.9","31.0"
"859","01/01/2025 14:15:00","30.9","30.9","30.9"
"860","01/01/2025 14:16:00","30.9","31.0","30.9"
"861","01/01/2025 14:17:00","31.0","31.0","30.9"
"862","01/01/2025 14:18:00","31.0","31.0","31.0"
"863","01/01/2025 14:19:00","31.0","31.0","31.0"
"864","01/01/2025 14:20:00","31.0","31.0","31.0"
"865","01/01/2025 14:21:00","31.0","31.0","31.0"
"866","01/01/2025 14:22:00","31.0","31.0","31.0"
"867","01/01/2025 14:23:00","31.0","31.0","30.9"
"868","01/01/2025 14:24:00","31.0","31.0","30.9"
"869","01/01/2025 14:25:00","31.0","30.8","31.0"
"870","01/01/2025 14:26:00","30.9","30.8","31.0"
"871","01/01/2025 14:27:00","30.9","30.8","31.0"
"872","01/01/2025 14:28:00","30.9","31.0","31.0"
"873","01/01/2025 14:29:00","30.9","31.0","30.9"
"874","01/01/2025 14:30:00","30.9","31.0","30.9"
"875","01/01/2025 14:31:00","31.0","31.0","30.9"
"876","01/01/2025 14:32:00","31.0","31.0","31.0"
"877","01/01/2025 14:33:00","31.0","31.0","31.0"
"878","01/01/2025 14:34:00","31.0","31.0","31.0"
"879","01/01/2025 14:35:00","31.0","31.0","31.0"
"880","01/01/2025 14:36:00","31.0","31.0","30.9"
"881","01/01/2025 14:37:00","31.0","30.9","30.9"
"882","01/01/2025 14:38:00","31.0","30.9","30.9"
"883","01/01/2025 14:39:00","30.9","30.9","30.9"
"884","01/01/2025 14:40:00","30.9","31.0","31.0"
"885","01/01/2025 14:41:00","30.9","31.0","31.0"
"886","01/01/2025 14:42:00","30.9","31.0","31.0"
"887","01/01/2025 14:43:00","30.9","31.0","31.0"
"888","01/01/2025 14:44:00","30.9","31.0","31.0"
"889","01/01/2025 14:45:00","31.0","31.0","30.8"
"890","01/01/2025 14:46:00","31.0","31.0","30.8"
"891","01/01/2025 14:47:00","31.0","31.0","30.8"
"892","01/01/2025 14:48:00","31.0","31.0","30.9"
"893","01/01/2025 14:49:00","31.0","30.9","30.9"
"894","01/01/2025 14:50:00","31.0","30.9","31.0"
"895","01/01/2025 14:51:00","31.0","30.9","31.0"
"896","01/01/2025 14:52:00","31.0","30.9","31.0"
"897","01/01/2025 14:53:00","31.0","31.0","31.0"
"898","01/01/2025 14:54:00","30.9","31.0","31.0"
"899","01/01/2025 14:55:00","30.9","31.0","30.9"
"900","01/01/2025 14:56:00","30.9","31.0","30.9"
"901","01/01/2025 14:57:00","30.9","31.0","30.9"
"902","01/01/2025 14:58:00","30.9","31.0","31.0"
"903","01/01/2025 14:59:00","31.0","31.0","31.0"
"904","01/01/2025 15:00:00","31.0","31.0","31.0"
"905","01/01/2025 15:01:00","31.0","31.0","31.0"
"906","01/01/2025 15:02:00","31.0","30.9","31.0"
"907","01/01/2025 15:03:00","31.0","30.9","30.9"
"908","01/01/2025 15:04:00","31.0","30.9","30.9"
"909","01/01/2025 15:05:00","31.0","31.0","30.9"
"910","01/01/2025 15:06:00","31.0","31.0","31.0"
"911","01/01/2025 15:07:00","31.0","31.0","31.0"
"912","01/01/2025 15:08:00","30.9","31.0","31.0"
"913","01/01/2025 15:09:00","30.9","31.0","31.0"
"914","01/01/2025 15:10:00","30.9","31.0","30.9"
"915","01/01/2025 15:11:00","30.9","30.9","30.9"
"916","01/01/2025 15:12:00","30.9","30.9","30.9"
"917","01/01/2025 15:13:00","31.0","30.9","31.0"
"918","01/01/2025 15:14:00","31.0","31.0","31.0"
"919","01/01/2025 15:15:00","31.0","31.0","31.0"
"920","01/01/2025 15:16:00","31.0","31.0","31.0"
"921","01/01/2025 15:17:00","31.0","31.0","31.0"
"922","01/01/2025 15:18:00","31.0","31.0","31.0"
"923","01/01/2025 15:19:00","31.0","31.0","30.9"
"924","01/01/2025 15:20:00","31.0","31.0","30.9"
"925","01/01/2025 15:21:00","30.9","31.0","31.0"
"926","01/01/2025 15:22:00","30.9","30.9","31.0"
"927","01/01/2025 15:23:00","30.9","30.9","31.0"
"928","01/01/2025 15:24:00","30.9","30.9","31.0"
"929","01/01/2025 15:25:00","30.9","30.9","31.0"
"930","01/01/2025 15:26:00","31.0","31.0","30.9"
"931","01/01/2025 15:27:00","31.0","31.0","30.9"
"932","01/01/2025 15:28:00","31.0","31.0","30.9"
"933","01/01/2025 15:29:00","31.0","31.0","31.0"
"934","01/01/2025 15:30:00","31.0","31.0","31.0"
"935","01/01/2025 15:31:00","31.0","31.0","31.0"
"936","01/01/2025 15:32:00","31.0","31.0","31.0"
"937","01/01/2025 15:33:00","31.0","31.0","31.0"
"938","01/01/2025 15:34:00","31.0","31.0","30.9"
"939","01/01/2025 15:35:00","30.9","30.9","30.9"
"940","01/01/2025 15:36:00","30.9","30.9","31.0"
"941","01/01/2025 15:37:00","30.9","30.9","31.0"
"942","01/01/2025 15:38:00","30.9","31.0","31.0"
"943","01/01/2025 15:39:00","30.9","31.0","31.0"
"944","01/01/2025 15:40:00","31.0","31.0","31.0"
"945","01/01/2025 15:41:00","31.0","31.0","30.9"
"946","01/01/2025 15:42:00","31.0","31.0","30.9"
"947","01/01/2025 15:43:00","31.0","31.0","30.8"
"948","01/01/2025 15:44:00","31.0","31.0","30.8"
"949","01/01/2025 15:45:00","31.0","31.0","30.9"
"950","01/01/2025 15:46:00","31.0","31.0","30.9"
"951","01/01/2025 15:47:00","31.0","30.9","31.0"
"952","01/01/2025 15:48:00","31.0","30.9","30.9"
"953","01/01/2025 15:49:00","30.9","30.9","30.9"
"954","01/01/2025 15:50:00","30.9","30.9","30.8"
"955","01/01/2025 15:51:00","30.8","30.8","30.8"
"956","01/01/2025 15:52:00","30.8","30.8","30.8"
"957","01/01/2025 15:53:00","30.8","30.8","30.8"
"958","01/01/2025 15:54:00","30.8","30.8","30.9"
"959","01/01/2025 15:55:00","30.8","30.9","30.9"
"960","01/01/2025 15:56:00","30.9","30.9","31.0"
"961","01/01/2025 15:57:00","30.9","31.0","30.9"
"962","01/01/2025 15:58:00","31.0","31.0","30.9"
"963","01/01/2025 15:59:00","31.0","31.0","30.8"
"964","01/01/2025 16:00:00","31.0","30.9","30.8"
"965","01/01/2025 16:01:00","31.0","30.9","30.8"
"966","01/01/2025 16:02:00","31.0","30.9","30.9"
"967","01/01/2025 16:03:00","30.9","30.8","30.9"
"968","01/01/2025 16:04:00","30.9","30.8","30.9"
"969","01/01/2025 16:05:00","30.8","30.8","30.9"
"970","01/01/2025 16:06:00","30.8","30.9","30.8"
"971","01/01/2025 16:07:00","30.7","30.9","30.8"
"972","01/01/2025 16:08:00","30.7","31.0","30.8"
"973","01/01/2025 16:09:00","30.8","31.0","30.8"
"974","01/01/2025 16:10:00","30.8","31.0","30.8"
"975","01/01/2025 16:11:00","30.8","31.0","30.9"
"976","01/01/2025 16:12:00","30.9","30.9","30.9"
"977","01/01/2025 16:13:00","30.9","30.9","31.0"
"978","01/01/2025 16:14:00","31.0","30.9","31.0"
"979","01/01/2025 16:15:00","31.0","30.8","31.0"
"980","01/01/2025 16:16:00","31.0","30.8","31.0"
"981","01/01/2025 16:17:00","31.0","30.8","30.9"
"982","01/01/2025 16:18:00","31.0","30.8","30.8"
"983","01/01/2025 16:19:00","30.9","31.0","30.8"
"984","01/01/2025 16:20:00","30.9","31.0","30.8"
"985","01/01/2025 16:21:00","30.8","31.0","30.9"
"986","01/01/2025 16:22:00","30.8","31.0","31.0"
"987","01/01/2025 16:23:00","30.8","31.0","31.0"
"988","01/01/2025 16:24:00","30.8","31.0","30.9"
"989","01/01/2025 16:25:00","30.8","31.0","30.9"
"990","01/01/2025 16:26:00","30.9","31.0","30.8"
"991","01/01/2025 16:27:00","30.9","31.0","30.8"
"992","01/01/2025 16:28:00","31.0","31.0","30.8"
"993","01/01/2025 16:29:00","31.0","30.9","30.9"
"994","01/01/2025 16:30:00","31.0","30.9","31.0"
"995","01/01/2025 16:31:00","31.0","30.9","31.0"
"996","01/01/2025 16:32:00","31.0","30.8","30.9"
"997","01/01/2025 16:33:00","30.9","30.8","30.9"
"998","01/01/2025 16:34:00","30.9","30.8","30.8"
"999","01/01/2025 16:35:00","30.8","30.9","30.8"
"1000","01/01/2025 16:36:00","30.8","30.9","30.8"
"1001","01/01/2025 16:37:00","30.8","31.0","30.9"
"1002","01/01/2025 16:38:00","30.8","31.0","30.9"
"1003","01/01/2025 16:39:00","30.8","31.0","31.0"
"1004","01/01/2025 16:40:00","30.9","31.0","30.9"
"1005","01/01/2025 16:41:00","30.9","30.9","30.9"
"1006","01/01/2025 16:42:00","31.0","30.9","30.8"
"1007","01/01/2025 16:43:00","31.0","30.9","30.8"
"1008","01/01/2025 16:44:00","31.0","30.8","30.8"
"1009","01/01/2025 16:45:00","31.0","30.8","30.9"
"1010","01/01/2025 16:46:00","31.0","30.8","30.9"
"1011","01/01/2025 16:47:00","30.9","30.8","30.9"
"1012","01/01/2025 16:48:00","30.9","30.8","30.9"
"1013","01/01/2025 16:49:00","30.8","30.8","30.8"
"1014","01/01/2025 16:50:00","30.8","30.8","30.8"
"1015","01/01/2025 16:51:00","30.8","30.8","30.8"
"1016","01/01/2025 16:52:00","30.8","30.8","30.7"
"1017","01/01/2025 16:53:00","30.7","30.8","30.7"
"1018","01/01/2025 16:54:00","30.7","30.7","30.7"
"1019","01/01/2025 16:55:00","30.7","30.7","30.7"
"1020","01/01/2025 16:56:00","30.7","30.7","30.8"
"1021","01/01/2025 16:57:00","30.7","30.7","30.8"
"1022","01/01/2025 16:58:00","30.7","30.7","30.8"
"1023","01/01/2025 16:59:00","30.8","30.7","30.7"
"1024","01/01/2025 17:00:00","30.9","30.7","30.7"
"1025","01/01/2025 17:01:00","30.9","30.8","30.7"
"1026","01/01/2025 17:02:00","30.9","30.8","30.7"
"1027","01/01/2025 17:03:00","30.9","30.8","30.7"
"1028","01/01/2025 17:04:00","30.9","30.8","30.7"
"1029","01/01/2025 17:05:00","30.8","30.8","30.8"
"1030","01/01/2025 17:06:00","30.8","30.8","30.8"
"1031","01/01/2025 17:07:00","30.8","30.8","30.8"
"1032","01/01/2025 17:08:00","30.8","30.7","30.8"
"1033","01/01/2025 17:09:00","30.8","30.7","30.7"
"1034","01/01/2025 17:10:00","30.8","30.7","30.7"
"1035","01/01/2025 17:11:00","30.7","30.7","30.7"
"1036","01/01/2025 17:12:00","30.7","30.7","30.7"
"1037","01/01/2025 17:13:00","30.6","30.8","30.8"
"1038","01/01/2025 17:14:00","30.6","30.8","30.8"
"1039","01/01/2025 17:15:00","30.7","30.8","30.8"
"1040","01/01/2025 17:16:00","30.7","30.8","30.8"
"1041","01/01/2025 17:17:00","30.7","30.8","30.7"
"1042","01/01/2025 17:18:00","30.8","30.8","30.7"
"1043","01/01/2025 17:19:00","30.8","30.8","30.7"
"1044","01/01/2025 17:20:00","30.8","30.7","30.7"
"1045","01/01/2025 17:21:00","30.9","30.7","30.8"
"1046","01/01/2025 17:22:00","30.9","30.7","30.8"
"1047","01/01/2025 17:23:00","30.9","30.7","30.8"
"1048","01/01/2025 17:24:00","30.8","30.7","30.8"
"1049","01/01/2025 17:25:00","30.8","30.8","30.7"
"1050","01/01/2025 17:26:00","30.8","30.8","30.7"
"1051","01/01/2025 17:27:00","30.8","30.8","30.7"
"1052","01/01/2025 17:28:00","30.7","30.8","30.7"
"1053","01/01/2025 17:29:00","30.7","30.8","30.8"
"1054","01/01/2025 17:30:00","30.7","30.8","30.8"
"1055","01/01/2025 17:31:00","30.7","30.8","30.8"
"1056","01/01/2025 17:32:00","30.7","30.8","30.8"
"1057","01/01/2025 17:33:00","30.8","30.8","30.7"
"1058","01/01/2025 17:34:00","30.8","30.8","30.7"
"1059","01/01/2025 17:35:00","30.9","30.8","30.7"
"1060","01/01/2025 17:36:00","30.9","30.8","30.7"
"1061","01/01/2025 17:37:00","30.9","30.7","30.7"
"1062","01/01/2025 17:38:00","30.9","30.7","30.8"
"1063","01/01/2025 17:39:00","30.8","30.7","30.8"
"1064","01/01/2025 17:40:00","30.8","30.7","30.8"
"1065","01/01/2025 17:41:00","30.8","30.7","30.8"
"1066","01/01/2025 17:42:00","30.8","30.8","30.7"
"1067","01/01/2025 17:43:00","30.8","30.8","30.7"
"1068","01/01/2025 17:44:00","30.8","30.8","30.7"
"1069","01/01/2025 17:45:00","30.7","30.8","30.7"
"1070","01/01/2025 17:46:00","30.7","30.8","30.8"
"1071","01/01/2025 17:47:00","30.7","30.8","30.8"
"1072","01/01/2025 17:48:00","30.7","30.8","30.8"
"1073","01/01/2025 17:49:00","30.7","30.8","30.8"
"1074","01/01/2025 17:50:00","30.7","30.8","30.7"
"1075","01/01/2025 17:51:00","30.7","30.8","30.7"
"1076","01/01/2025 17:52:00","30.7","30.8","30.7"
"1077","01/01/2025 17:53:00","30.8","30.8","30.7"
"1078","01/01/2025 17:54:00","30.9","30.8","30.7"
"1079","01/01/2025 17:55:00","30.9","30.8","30.8"
"1080","01/01/2025 17:56:00","30.9","30.7","30.8"
"1081","01/01/2025 17:57:00","30.9","30.7","30.8"
"1082","01/01/2025 17:58:00","30.9","30.7","30.7"
"1083","01/01/2025 17:59:00","30.9","30.7","30.7"
"1084","01/01/2025 18:00:00","30.8","30.7","30.7"
"1085","01/01/2025 18:01:00","30.8","30.7","30.7"
"1086","01/01/2025 18:02:00","30.8","30.8","30.7"
"1087","01/01/2025 18:03:00","30.8","30.8","30.8"
"1088","01/01/2025 18:04:00","30.8","30.8","30.8"
"1089","01/01/2025 18:05:00","30.7","30.8","30.8"
"1090","01/01/2025 18:06:00","30.7","30.8","30.8"
"1091","01/01/2025 18:07:00","30.6","30.8","30.7"
"1092","01/01/2025 18:08:00","30.6","30.8","30.7"
"1093","01/01/2025 18:09:00","30.6","30.8","30.6"
"1094","01/01/2025 18:10:00","30.7","30.8","30.7"
"1095","01/01/2025 18:11:00","30.8","30.8","30.7"
"1096","01/01/2025 18:12:00","30.8","30.7","30.7"
"1097","01/01/2025 18:13:00","30.8","30.7","30.7"
"1098","01/01/2025 18:14:00","30.8","30.7","30.8"
"1099","01/01/2025 18:15:00","30.8","30.8","30.8"
"1100","01/01/2025 18:16:00","30.8","30.8","30.8"
"1101","01/01/2025 18:17:00","30.8","30.8","30.8"
"1102","01/01/2025 18:18:00","30.8","30.8","30.7"
"1103","01/01/2025 18:19:00","30.8","30.8","30.7"
"1104","01/01/2025 18:20:00","30.8","30.8","30.7"
"1105","01/01/2025 18:21:00","30.8","30.8","30.7"
"1106","01/01/2025 18:22:00","30.7","30.8","30.7"
"1107","01/01/2025 18:23:00","30.7","30.8","30.8"
"1108","01/01/2025 18:24:00","30.6","30.7","30.8"
"1109","01/01/2025 18:25:00","30.6","30.7","30.8"
"1110","01/01/2025 18:26:00","30.6","30.7","30.7"
"1111","01/01/2025 18:27:00","30.7","30.7","30.7"
"1112","01/01/2025 18:28:00","30.7","30.8","30.7"
"1113","01/01/2025 18:29:00","30.8","30.8","30.7"
"1114","01/01/2025 18:30:00","30.8","30.8","30.7"
"1115","01/01/2025 18:31:00","30.8","30.8","30.7"
"1116","01/01/2025 18:32:00","30.8","30.8","30.7"
"1117","01/01/2025 18:33:00","30.8","30.8","30.7"
"1118","01/01/2025 18:34:00","30.8","30.8","30.7"
"1119","01/01/2025 18:35:00","30.8","30.8","30.7"
"1120","01/01/2025 18:36:00","30.8","30.7","30.6"
"1121","01/01/2025 18:37:00","30.8","30.7","30.6"
"1122","01/01/2025 18:38:00","30.8","30.7","30.6"
"1123","01/01/2025 18:39:00","30.7","30.7","30.6"
"1124","01/01/2025 18:40:00","30.7","30.7","30.7"
"1125","01/01/2025 18:41:00","30.6","30.7","30.7"
"1126","01/01/2025 18:42:00","30.6","30.7","30.7"
"1127","01/01/2025 18:43:00","30.6","30.7","30.7"
"1128","01/01/2025 18:44:00","30.6","30.7","30.6"
"1129","01/01/2025 18:45:00","30.6","30.7","30.6"
"1130","01/01/2025 18:46:00","30.6","30.6","30.6"
"1131","01/01/2025 18:47:00","30.7","30.6","30.6"
"1132","01/01/2025 18:48:00","30.8","30.6","30.6"
"1133","01/01/2025 18:49:00","30.8","30.6","30.7"
"1134","01/01/2025 18:50:00","30.8","30.6","30.7"
"1135","01/01/2025 18:51:00","30.8","30.7","30.7"
"1136","01/01/2025 18:52:00","30.8","30.8","30.6"
"1137","01/01/2025 18:53:00","30.8","30.8","30.6"
"1138","01/01/2025 18:54:00","30.8","30.8","30.6"
"1139","01/01/2025 18:55:00","30.7","30.8","30.7"
"1140","01/01/2025 18:56:00","30.7","30.8","30.7"
"1141","01/01/2025 18:57:00","30.6","30.8","30.7"
"1142","01/01/2025 18:58:00","30.6","30.8","30.7"
"1143","01/01/2025 18:59:00","30.6","30.8","30.6"
"1144","01/01/2025 19:00:00","30.6","30.7","30.6"
"1145","01/01/2025 19:01:00","30.6","30.7","30.6"
"1146","01/01/2025 19:02:00","30.6","30.7","30.6"
"1147","01/01/2025 19:03:00","30.6","30.6","30.6"
"1148","01/01/2025 19:04:00","30.6","30.6","30.6"
"1149","01/01/2025 19:05:00","30.6","30.6","30.5"
"1150","01/01/2025 19:06:00","30.6","30.6","30.5"
"1151","01/01/2025 19:07:00","30.6","30.6","30.5"
"1152","01/01/2025 19:08:00","30.6","30.6","30.5"
"1153","01/01/2025 19:09:00","30.6","30.6","30.5"
"1154","01/01/2025 19:10:00","30.6","30.5","30.5"
"1155","01/01/2025 19:11:00","30.5","30.5","30.6"
"1156","01/01/2025 19:12:00","30.5","30.5","30.6"
"1157","01/01/2025 19:13:00","30.5","30.5","30.6"
"1158","01/01/2025 19:14:00","30.5","30.5","30.6"
"1159","01/01/2025 19:15:00","30.5","30.6","30.6"
"1160","01/01/2025 19:16:00","30.6","30.7","30.5"
"1161","01/01/2025 19:17:00","30.6","30.7","30.5"
"1162","01/01/2025 19:18:00","30.6","30.7","30.5"
"1163","01/01/2025 19:19:00","30.7","30.7","30.6"
"1164","01/01/2025 19:20:00","30.7","30.7","30.6"
"1165","01/01/2025 19:21:00","30.7","30.7","30.6"
"1166","01/01/2025 19:22:00","30.6","30.7","30.6"
"1167","01/01/2025 19:23:00","30.6","30.6","30.6"
"1168","01/01/2025 19:24:00","30.6","30.6","30.5"
"1169","01/01/2025 19:25:00","30.5","30.6","30.5"
"1170","01/01/2025 19:26:00","30.5","30.6","30.5"
"1171","01/01/2025 19:27:00","30.5","30.5","30.5"
"1172","01/01/2025 19:28:00","30.5","30.5","30.5"
"1173","01/01/2025 19:29:00","30.5","30.5","30.6"
"1174","01/01/2025 19:30:00","30.5","30.5","30.6"
"1175","01/01/2025 19:31:00","30.6","30.5","30.6"
"1176","01/01/2025 19:32:00","30.7","30.6","30.6"
"1177","01/01/2025 19:33:00","30.7","30.6","30.5"
"1178","01/01/2025 19:34:00","30.7","30.6","30.4"
"1179","01/01/2025 19:35:00","30.7","30.6","30.4"
"1180","01/01/2025 19:36:00","30.7","30.6","30.4"
"1181","01/01/2025 19:37:00","30.7","30.6","30.4"
"1182","01/01/2025 19:38:00","30.7","30.6","30.4"
"1183","01/01/2025 19:39:00","30.6","30.6","30.5"
"1184","01/01/2025 19:40:00","30.6","30.5","30.5"
"1185","01/01/2025 19:41:00","30.5","30.5","30.6"
"1186","01/01/2025 19:42:00","30.5","30.5","30.6"
"1187","01/01/2025 19:43:00","30.5","30.5","30.5"
"1188","01/01/2025 19:44:00","30.5","30.5","30.4"
"1189","01/01/2025 19:45:00","30.4","30.4","30.4"
"1190","01/01/2025 19:46:00","30.4","30.4","30.3"
"1191","01/01/2025 19:47:00","30.3","30.4","30.3"
"1192","01/01/2025 19:48:00","30.3","30.4","30.5"
"1193","01/01/2025 19:49:00","30.5","30.4","30.5"
"1194","01/01/2025 19:50:00","30.5","30.5","30.5"
"1195","01/01/2025 19:51:00","30.5","30.6","30.5"
"1196","01/01/2025 19:52:00","30.5","30.6","30.5"
"1197","01/01/2025 19:53:00","30.5","30.6","30.4"
"1198","01/01/2025 19:54:00","30.5","30.6","30.4"
"1199","01/01/2025 19:55:00","30.5","30.6","30.4"
"1200","01/01/2025 19:56:00","30.5","30.6","30.4"
"1201","01/01/2025 19:57:00","30.5","30.6","30.4"
"1202","01/01/2025 19:58:00","30.4","30.6","30.5"
"1203","01/01/2025 19:59:00","30.4","30.6","30.5"
"1204","01/01/2025 20:00:00","30.4","30.6","30.5"
"1205","01/01/2025 20:01:00","30.4","30.5","30.5"
"1206","01/01/2025 20:02:00","30.4","30.5","30.5"
"1207","01/01/2025 20:03:00","30.4","30.5","30.4"
"1208","01/01/2025 20:04:00","30.4","30.4","30.3"
"1209","01/01/2025 20:05:00","30.4","30.4","30.3"
"1210","01/01/2025 20:06:00","30.4","30.4","30.3"
"1211","01/01/2025 20:07:00","30.3","30.3","30.3"
"1212","01/01/2025 20:08:00","30.3","30.3","30.3"
"1213","01/01/2025 20:09:00","30.3","30.3","30.5"
"1214","01/01/2025 20:10:00","30.3","30.3","30.5"
"1215","01/01/2025 20:11:00","30.3","30.3","30.5"
"1216","01/01/2025 20:12:00","30.3","30.5","30.5"
"1217","01/01/2025 20:13:00","30.5","30.5","30.3"
"1218","01/01/2025 20:14:00","30.5","30.5","30.3"
"1219","01/01/2025 20:15:00","30.5","30.5","30.3"
"1220","01/01/2025 20:16:00","30.5","30.5","30.3"
"1221","01/01/2025 20:17:00","30.6","30.5","30.3"
"1222","01/01/2025 20:18:00","30.6","30.5","30.3"
"1223","01/01/2025 20:19:00","30.6","30.5","30.5"
"1224","01/01/2025 20:20:00","30.5","30.5","30.5"
"1225","01/01/2025 20:21:00","30.5","30.5","30.5"
"1226","01/01/2025 20:22:00","30.4","30.5","30.5"
"1227","01/01/2025 20:23:00","30.4","30.4","30.4"
"1228","01/01/2025 20:24:00","30.3","30.4","30.4"
"1229","01/01/2025 20:25:00","30.3","30.4","30.3"
"1230","01/01/2025 20:26:00","30.3","30.3","30.3"
"1231","01/01/2025 20:27:00","30.3","30.3","30.3"
"1232","01/01/2025 20:28:00","30.3","30.3","30.3"
"1233","01/01/2025 20:29:00","30.3","30.3","30.3"
"1234","01/01/2025 20:30:00","30.3","30.3","30.3"
"1235","01/01/2025 20:31:00","30.5","30.5","30.5"
"1236","01/01/2025 20:32:00","30.5","30.5","30.5"
"1237","01/01/2025 20:33:00","30.5","30.5","30.5"
"1238","01/01/2025 20:34:00","30.5","30.5","30.5"
"1239","01/01/2025 20:35:00","30.5","30.5","30.3"
"1240","01/01/2025 20:36:00","30.5","30.5","30.3"
"1241","01/01/2025 20:37:00","30.5","30.5","30.3"
"1242","01/01/2025 20:38:00","30.4","30.5","30.2"
"1243","01/01/2025 20:39:00","30.4","30.4","30.2"
"1244","01/01/2025 20:40:00","30.4","30.4","30.2"
"1245","01/01/2025 20:41:00","30.3","30.4","30.2"
"1246","01/01/2025 20:42:00","30.3","30.4","30.3"
"1247","01/01/2025 20:43:00","30.3","30.4","30.3"
"1248","01/01/2025 20:44:00","30.3","30.3","30.4"
"1249","01/01/2025 20:45:00","30.2","30.3","30.4"
"1250","01/01/2025 20:46:00","30.2","30.3","30.3"
"1251","01/01/2025 20:47:00","30.2","30.3","30.3"
"1252","01/01/2025 20:48:00","30.2","30.3","30.2"
"1253","01/01/2025 20:49:00","30.2","30.2","30.2"
"1254","01/01/2025 20:50:00","30.2","30.2","30.2"
"1255","01/01/2025 20:51:00","30.3","30.2","30.2"
"1256","01/01/2025 20:52:00","30.4","30.2","30.2"
"1257","01/01/2025 20:53:00","30.4","30.2","30.3"
"1258","01/01/2025 20:54:00","30.4","30.3","30.3"
"1259","01/01/2025 20:55:00","30.5","30.4","30.3"
"1260","01/01/2025 20:56:00","30.5","30.4","30.3"
"1261","01/01/2025 20:57:00","30.5","30.4","30.3"
"1262","01/01/2025 20:58:00","30.3","30.4","30.2"
"1263","01/01/2025 20:59:00","30.3","30.4","30.2"
"1264","01/01/2025 21:00:00","30.3","30.4","30.2"
"1265","01/01/2025 21:01:00","30.3","30.4","30.2"
"1266","01/01/2025 21:02:00","30.3","30.4","30.3"
"1267","01/01/2025 21:03:00","30.2","30.4","30.3"
"1268","01/01/2025 21:04:00","30.2","30.4","30.3"
"1269","01/01/2025 21:05:00","30.2","30.3","30.3"
"1270","01/01/2025 21:06:00","30.2","30.3","30.3"
"1271","01/01/2025 21:07:00","30.2","30.3","30.2"
"1272","01/01/2025 21:08:00","30.2","30.2","30.2"
"1273","01/01/2025 21:09:00","30.3","30.2","30.2"
"1274","01/01/2025 21:10:00","30.4","30.2","30.2"
"1275","01/01/2025 21:11:00","30.4","30.2","30.2"
"1276","01/01/2025 21:12:00","30.4","30.2","30.2"
"1277","01/01/2025 21:13:00","30.5","30.3","30.3"
"1278","01/01/2025 21:14:00","30.5","30.4","30.3"
"1279","01/01/2025 21:15:00","30.5","30.4","30.4"
"1280","01/01/2025 21:16:00","30.3","30.4","30.4"
"1281","01/01/2025 21:17:00","30.3","30.4","30.3"
"1282","01/01/2025 21:18:00","30.3","30.4","30.2"
"1283","01/01/2025 21:19:00","30.3","30.4","30.2"
"1284","01/01/2025 21:20:00","30.2","30.4","30.2"
"1285","01/01/2025 21:21:00","30.2","30.3","30.3"
"1286","01/01/2025 21:22:00","30.2","30.3","30.3"
"1287","01/01/2025 21:23:00","30.2","30.3","30.3"
"1288","01/01/2025 21:24:00","30.2","30.3","30.3"
"1289","01/01/2025 21:25:00","30.2","30.2","30.3"
"1290","01/01/2025 21:26:00","30.3","30.2","30.2"
"1291","01/01/2025 21:27:00","30.4","30.2","30.2"
"1292","01/01/2025 21:28:00","30.4","30.2","30.2"
"1293","01/01/2025 21:29:00","30.5","30.3","30.2"
"1294","01/01/2025 21:30:00","30.5","30.3","30.3"
"1295","01/01/2025 21:31:00","30.5","30.4","30.3"
"1296","01/01/2025 21:32:00","30.5","30.4","30.3"
"1297","01/01/2025 21:33:00","30.5","30.4","30.3"
"1298","01/01/2025 21:34:00","30.3","30.5","30.2"
"1299","01/01/2025 21:35:00","30.3","30.5","30.2"
"1300","01/01/2025 21:36:00","30.3","30.5","30.2"
"1301","01/01/2025 21:37:00","30.3","30.5","30.2"
"1302","01/01/2025 21:38:00","30.2","30.3","30.2"
"1303","01/01/2025 21:39:00","30.2","30.3","30.3"
"1304","01/01/2025 21:40:00","30.2","30.3","30.3"
"1305","01/01/2025 21:41:00","30.2","30.3","30.4"
"1306","01/01/2025 21:42:00","30.2","30.3","30.4"
"1307","01/01/2025 21:43:00","30.2","30.2","30.3"
"1308","01/01/2025 21:44:00","30.3","30.2","30.2"
"1309","01/01/2025 21:45:00","30.4","30.2","30.2"
"1310","01/01/2025 21:46:00","30.4","30.2","30.2"
"1311","01/01/2025 21:47:00","30.5","30.2","30.2"
"1312","01/01/2025 21:48:00","30.5","30.3","30.2"
"1313","01/01/2025 21:49:00","30.5","30.4","30.3"
"1314","01/01/2025 21:50:00","30.5","30.4","30.3"
"1315","01/01/2025 21:51:00","30.5","30.4","30.3"
"1316","01/01/2025 21:52:00","30.3","30.4","30.3"
"1317","01/01/2025 21:53:00","30.3","30.4","30.3"
"1318","01/01/2025 21:54:00","30.3","30.4","30.2"
"1319","01/01/2025 21:55:00","30.3","30.4","30.2"
"1320","01/01/2025 21:56:00","30.2","30.4","30.2"
"1321","01/01/2025 21:57:00","30.2","30.4","30.2"
"1322","01/01/2025 21:58:00","30.2","30.3","30.2"
"1323","01/01/2025 21:59:00","30.2","30.3","30.2"
"1324","01/01/2025 22:00:00","30.2","30.3","30.3"
"1325","01/01/2025 22:01:00","30.3","30.3","30.4"
"1326","01/01/2025 22:02:00","30.3","30.3","30.4"
"1327","01/01/2025 22:03:00","30.3","30.3","30.4"
"1328","01/01/2025 22:04:00","30.3","30.3","30.3"
"1329","01/01/2025 22:05:00","30.4","30.2","30.3"
"1330","01/01/2025 22:06:00","30.4","30.2","30.2"
"1331","01/01/2025 22:07:00","30.4","30.2","30.2"
"1332","01/01/2025 22:08:00","30.4","30.2","30.2"
"1333","01/01/2025 22:09:00","30.3","30.3","30.2"
"1334","01/01/2025 22:10:00","30.3","30.3","30.3"
"1335","01/01/2025 22:11:00","30.2","30.3","30.3"
"1336","01/01/2025 22:12:00","30.2","30.3","30.4"
"1337","01/01/2025 22:13:00","30.2","30.3","30.4"
"1338","01/01/2025 22:14:00","30.2","30.3","30.3"
"1339","01/01/2025 22:15:00","30.3","30.3","30.3"
"1340","01/01/2025 22:16:00","30.3","30.3","30.2"
"1341","01/01/2025 22:17:00","30.3","30.3","30.2"
"1342","01/01/2025 22:18:00","30.3","30.3","30.2"
"1343","01/01/2025 22:19:00","30.3","30.3","30.2"
"1344","01/01/2025 22:20:00","30.3","30.2","30.2"
"1345","01/01/2025 22:21:00","30.3","30.2","30.3"
"1346","01/01/2025 22:22:00","30.3","30.2","30.3"
"1347","01/01/2025 22:23:00","30.2","30.2","30.4"
"1348","01/01/2025 22:24:00","30.2","30.3","30.4"
"1349","01/01/2025 22:25:00","30.2","30.4","30.4"
"1350","01/01/2025 22:26:00","30.2","30.4","30.3"
"1351","01/01/2025 22:27:00","30.2","30.4","30.2"
"1352","01/01/2025 22:28:00","30.3","30.4","30.2"
"1353","01/01/2025 22:29:00","30.3","30.4","30.2"
"1354","01/01/2025 22:30:00","30.4","30.4","30.2"
"1355","01/01/2025 22:31:00","30.4","30.4","30.2"
"1356","01/01/2025 22:32:00","30.4","30.4","30.3"
"1357","01/01/2025 22:33:00","30.4","30.4","30.3"
"1358","01/01/2025 22:34:00","30.4","30.3","30.3"
"1359","01/01/2025 22:35:00","30.4","30.3","30.3"
"1360","01/01/2025 22:36:00","30.4","30.3","30.3"
"1361","01/01/2025 22:37:00","30.3","30.2","30.2"
"1362","01/01/2025 22:38:00","30.3","30.2","30.2"
"1363","01/01/2025 22:39:00","30.2","30.2","30.2"
"1364","01/01/2025 22:40:00","30.2","30.2","30.2"
"1365","01/01/2025 22:41:00","30.2","30.3","30.2"
"1366","01/01/2025 22:42:00","30.2","30.4","30.3"
"1367","01/01/2025 22:43:00","30.2","30.4","30.3"
"1368","01/01/2025 22:44:00","30.2","30.4","30.3"
"1369","01/01/2025 22:45:00","30.3","30.4","30.3"
"1370","01/01/2025 22:46:00","30.4","30.4","30.3"
"1371","01/01/2025 22:47:00","30.5","30.4","30.2"
"1372","01/01/2025 22:48:00","30.5","30.4","30.2"
"1373","01/01/2025 22:49:00","30.5","30.4","30.2"
"1374","01/01/2025 22:50:00","30.5","30.3","30.2"
"1375","01/01/2025 22:51:00","30.5","30.3","30.2"
"1376","01/01/2025 22:52:00","30.5","30.3","30.3"
"1377","01/01/2025 22:53:00","30.3","30.3","30.3"
"1378","01/01/2025 22:54:00","30.3","30.2","30.3"
"1379","01/01/2025 22:55:00","30.3","30.2","30.3"
"1380","01/01/2025 22:56:00","30.3","30.2","30.3"
"1381","01/01/2025 22:57:00","30.2","30.2","30.3"
"1382","01/01/2025 22:58:00","30.2","30.3","30.3"
"1383","01/01/2025 22:59:00","30.2","30.3","30.2"
"1384","01/01/2025 23:00:00","30.2","30.4","30.2"
"1385","01/01/2025 23:01:00","30.2","30.4","30.2"
"1386","01/01/2025 23:02:00","30.2","30.4","30.2"
"1387","01/01/2025 23:03:00","30.3","30.4","30.2"
"1388","01/01/2025 23:04:00","30.4","30.4","30.3"
"1389","01/01/2025 23:05:00","30.4","30.4","30.3"
"1390","01/01/2025 23:06:00","30.5","30.4","30.3"
"1391","01/01/2025 23:07:00","30.5","30.4","30.3"
"1392","01/01/2025 23:08:00","30.5","30.4","30.2"
"1393","01/01/2025 23:09:00","30.5","30.3","30.2"
"1394","01/01/2025 23:10:00","30.3","30.3","30.2"
"1395","01/01/2025 23:11:00","30.3","30.3","30.2"
"1396","01/01/2025 23:12:00","30.3","30.2","30.2"
"1397","01/01/2025 23:13:00","30.3","30.2","30.3"
"1398","01/01/2025 23:14:00","30.3","30.2","30.3"
"1399","01/01/2025 23:15:00","30.2","30.2","30.3"
"1400","01/01/2025 23:16:00","30.2","30.2","30.4"
"1401","01/01/2025 23:17:00","30.2","30.3","30.3"
"1402","01/01/2025 23:18:00","30.2","30.4","30.2"
"1403","01/01/2025 23:19:00","30.3","30.4","30.2"
"1404","01/01/2025 23:20:00","30.3","30.4","30.2"
"1405","01/01/2025 23:21:00","30.3","30.4","30.2"
"1406","01/01/2025 23:22:00","30.3","30.4","30.2"
"1407","01/01/2025 23:23:00","30.3","30.4","30.2"
"1408","01/01/2025 23:24:00","30.3","30.4","30.3"
"1409","01/01/2025 23:25:00","30.3","30.4","30.4"
"1410","01/01/2025 23:26:00","30.3","30.4","30.4"
"1411","01/01/2025 23:27:00","30.3","30.4","30.4"
"1412","01/01/2025 23:28:00","30.2","30.3","30.3"
"1413","01/01/2025 23:29:00","30.2","30.3","30.3"
"1414","01/01/2025 23:30:00","30.2","30.3","30.2"
"1415","01/01/2025 23:31:00","30.2","30.2","30.2"
"1416","01/01/2025 23:32:00","30.2","30.2","30.2"
"1417","01/01/2025 23:33:00","30.3","30.2","30.2"
"1418","01/01/2025 23:34:00","30.3","30.2","30.2"
"1419","01/01/2025 23:35:00","30.4","30.2","30.3"
"1420","01/01/2025 23:36:00","30.4","30.3","30.3"
"1421","01/01/2025 23:37:00","30.4","30.4","30.3"
"1422","01/01/2025 23:38:00","30.4","30.4","30.3"
"1423","01/01/2025 23:39:00","30.4","30.4","30.2"
"1424","01/01/2025 23:40:00","30.4","30.4","30.2"
"1425","01/01/2025 23:41:00","30.4","30.4","30.2"
"1426","01/01/2025 23:42:00","30.3","30.4","30.2"
"1427","01/01/2025 23:43:00","30.3","30.4","30.2"
"1428","01/01/2025 23:44:00","30.2","30.4","30.2"
"1429","01/01/2025 23:45:00","30.2","30.4","30.3"
"1430","01/01/2025 23:46:00","30.2","30.3","30.4"
"1431","01/01/2025 23:47:00","30.2","30.3","30.4"
"1432","01/01/2025 23:48:00","30.2","30.3","30.4"
"1433","01/01/2025 23:49:00","30.2","30.2","30.3"
"1434","01/01/2025 23:50:00","30.3","30.2","30.3"
"1435","01/01/2025 23:51:00","30.4","30.2","30.2"
"1436","01/01/2025 23:52:00","30.4","30.2","30.2"
"1437","01/01/2025 23:53:00","30.5","30.2","30.2"
"1438","01/01/2025 23:54:00","30.5","30.3","30.3"
"1439","01/01/2025 23:55:00","30.5","30.4","30.3"
"1440","01/01/2025 23:56:00","30.5","30.4","30.3"
"1441","01/01/2025 23:57:00","30.3","30.4","30.3"
"1442","01/01/2025 23:58:00","30.3","30.4","30.2"
"1443","01/01/2025 23:59:00","30.3","30.4","30.2"
"1444","01/02/2025 00:00:00","30.3","30.4","30.2"
"1445","01/02/2025 00:01:00","30.3","30.4","30.2"
"1446","01/02/2025 00:02:00","30.2","30.4","30.2"
"1447","01/02/2025 00:03:00","30.2","30.4","30.2"
"1448","01/02/2025 00:04:00","30.2","30.3","30.3"
"1449","01/02/2025 00:05:00","30.2","30.3","30.4"
"1450","01/02/2025 00:06:00","30.2","30.3","30.4"
"1451","01/02/2025 00:07:00","30.2","30.3","30.4"
"1452","01/02/2025 00:08:00","30.3","30.3","30.3"
"1453","01/02/2025 00:09:00","30.4","30.3","30.3"
"1454","01/02/2025 00:10:00","30.5","30.3","30.2"
"1455","01/02/2025 00:11:00","30.5","30.2","30.2"
"1456","01/02/2025 00:12:00","30.5","30.2","30.2"
"1457","01/02/2025 00:13:00","30.5","30.2","30.2"
"1458","01/02/2025 00:14:00","30.5","30.2","30.2"
"1459","01/02/2025 00:15:00","30.4","30.2","30.3"
"1460","01/02/2025 00:16:00","30.4","30.3","30.4"
"1461","01/02/2025 00:17:00","30.4","30.3","30.4"
"1462","01/02/2025 00:18:00","30.3","30.3","30.4"
"1463","01/02/2025 00:19:00","30.3","30.3","30.3"
"1464","01/02/2025 00:20:00","30.2","30.3","30.2"
"1465","01/02/2025 00:21:00","30.2","30.3","30.2"
"1466","01/02/2025 00:22:00","30.2","30.3","30.2"
"1467","01/02/2025 00:23:00","30.2","30.3","30.2"
"1468","01/02/2025 00:24:00","30.2","30.3","30.2"
"1469","01/02/2025 00:25:00","30.3","30.3","30.2"
"1470","01/02/2025 00:26:00","30.3","30.2","30.3"
"1471","01/02/2025 00:27:00","30.4","30.2","30.3"
"1472","01/02/2025 00:28:00","30.4","30.2","30.4"
"1473","01/02/2025 00:29:00","30.5","30.2","30.4"
"1474","01/02/2025 00:30:00","30.5","30.3","30.4"
"1475","01/02/2025 00:31:00","30.5","30.3","30.3"
"1476","01/02/2025 00:32:00","30.5","30.4","30.2"
"1477","01/02/2025 00:33:00","30.3","30.4","30.2"
"1478","01/02/2025 00:34:00","30.3","30.4","30.2"
"1479","01/02/2025 00:35:00","30.3","30.4","30.3"
"1480","01/02/2025 00:36:00","30.3","30.4","30.3"
"1481","01/02/2025 00:37:00","30.2","30.4","30.3"
"1482","01/02/2025 00:38:00","30.2","30.4","30.3"
"1483","01/02/2025 00:39:00","30.2","30.4","30.3"
"1484","01/02/2025 00:40:00","30.2","30.3","30.2"
"1485","01/02/2025 00:41:00","30.3","30.3","30.2"
"1486","01/02/2025 00:42:00","30.3","30.3","30.2"
"1487","01/02/2025 00:43:00","30.3","30.3","30.2"
"1488","01/02/2025 00:44:00","30.3","30.2","30.2"
"1489","01/02/2025 00:45:00","30.4","30.2","30.2"
"1490","01/02/2025 00:46:00","30.4","30.2","30.3"
"1491","01/02/2025 00:47:00","30.4","30.2","30.3"
"1492","01/02/2025 00:48:00","30.4","30.2","30.3"
"1493","01/02/2025 00:49:00","30.3","30.3","30.3"
"1494","01/02/2025 00:50:00","30.3","30.4","30.3"
"1495","01/02/2025 00:51:00","30.2","30.4","30.2"
"1496","01/02/2025 00:52:00","30.2","30.4","30.2"
"1497","01/02/2025 00:53:00","30.2","30.4","30.2"
"1498","01/02/2025 00:54:00","30.2","30.4","30.2"
"1499","01/02/2025 00:55:00","30.2","30.4","30.2"
"1500","01/02/2025 00:56:00","30.2","30.4","30.2"
"1501","01/02/2025 00:57:00","30.3","30.4","30.3"
"1502","01/02/2025 00:58:00","30.3","30.4","30.3"
"1503","01/02/2025 00:59:00","30.4","30.3","30.3"
"1504","01/02/2025 01:00:00","30.5","30.3","30.3"
"1505","01/02/2025 01:01:00","30.5","30.3","30.3"
"1506","01/02/2025 01:02:00","30.5","30.3","30.2"
"1507","01/02/2025 01:03:00","30.5","30.2","30.2"
"1508","01/02/2025 01:04:00","30.5","30.2","30.2"
"1509","01/02/2025 01:05:00","30.3","30.2","30.2"
"1510","01/02/2025 01:06:00","30.3","30.2","30.2"
"1511","01/02/2025 01:07:00","30.3","30.3","30.3"
"1512","01/02/2025 01:08:00","30.3","30.4","30.3"
"1513","01/02/2025 01:09:00","30.2","30.4","30.3"
"1514","01/02/2025 01:10:00","30.2","30.4","30.3"
"1515","01/02/2025 01:11:00","30.2","30.4","30.3"
"1516","01/02/2025 01:12:00","30.2","30.4","30.2"
"1517","01/02/2025 01:13:00","30.2","30.4","30.2"
"1518","01/02/2025 01:14:00","30.3","30.4","30.2"
"1519","01/02/2025 01:15:00","30.4","30.4","30.2"
"1520","01/02/2025 01:16:00","30.4","30.3","30.2"
"1521","01/02/2025 01:17:00","30.5","30.3","30.3"
"1522","01/02/2025 01:18:00","30.5","30.3","30.3"
"1523","01/02/2025 01:19:00","30.5","30.3","30.3"
"1524","01/02/2025 01:20:00","30.5","30.2","30.3"
"1525","01/02/2025 01:21:00","30.5","30.2","30.3"
"1526","01/02/2025 01:22:00","30.3","30.2","30.2"
"1527","01/02/2025 01:23:00","30.3","30.2","30.2"
"1528","01/02/2025 01:24:00","30.3","30.2","30.2"
"1529","01/02/2025 01:25:00","30.3","30.3","30.2"
"1530","01/02/2025 01:26:00","30.3","30.4","30.2"
"1531","01/02/2025 01:27:00","30.2","30.4","30.3"
"1532","01/02/2025 01:28:00","30.2","30.4","30.3"
"1533","01/02/2025 01:29:00","30.2","30.4","30.4"
"1534","01/02/2025 01:30:00","30.2","30.4","30.4"
"1535","01/02/2025 01:31:00","30.3","30.4","30.3"
"1536","01/02/2025 01:32:00","30.3","30.4","30.2"
"1537","01/02/2025 01:33:00","30.3","30.4","30.2"
"1538","01/02/2025 01:34:00","30.4","30.4","30.2"
"1539","01/02/2025 01:35:00","30.4","30.3","30.2"
"1540","01/02/2025 01:36:00","30.4","30.3","30.2"
"1541","01/02/2025 01:37:00","30.4","30.3","30.3"
"1542","01/02/2025 01:38:00","30.4","30.2","30.3"
"1543","01/02/2025 01:39:00","30.3","30.2","30.3"
"1544","01/02/2025 01:40:00","30.3","30.2","30.3"
"1545","01/02/2025 01:41:00","30.2","30.2","30.3"
"1546","01/02/2025 01:42:00","30.2","30.3","30.2"
"1547","01/02/2025 01:43:00","30.2","30.3","30.2"
"1548","01/02/2025 01:44:00","30.2","30.4","30.2"
"1549","01/02/2025 01:45:00","30.2","30.4","30.2"
"1550","01/02/2025 01:46:00","30.3","30.4","30.2"
"1551","01/02/2025 01:47:00","30.3","30.4","30.3"
"1552","01/02/2025 01:48:00","30.3","30.4","30.3"
"1553","01/02/2025 01:49:00","30.3","30.4","30.4"
"1554","01/02/2025 01:50:00","30.3","30.4","30.4"
"1555","01/02/2025 01:51:00","30.3","30.4","30.3"
"1556","01/02/2025 01:52:00","30.3","30.4","30.2"
"1557","01/02/2025 01:53:00","30.3","30.3","30.2"
"1558","01/02/2025 01:54:00","30.3","30.3","30.2"
"1559","01/02/2025 01:55:00","30.2","30.3","30.2"
"1560","01/02/2025 01:56:00","30.2","30.2","30.3"
"1561","01/02/2025 01:57:00","30.2","30.2","30.3"
"1562","01/02/2025 01:58:00","30.2","30.2","30.3"
"1563","01/02/2025 01:59:00","30.3","30.2","30.3"
"1564","01/02/2025 02:00:00","30.3","30.2","30.3"
"1565","01/02/2025 02:01:00","30.3","30.3","30.2"
"1566","01/02/2025 02:02:00","30.3","30.4","30.2"
"1567","01/02/2025 02:03:00","30.3","30.4","30.2"
"1568","01/02/2025 02:04:00","30.3","30.4","30.2"
"1569","01/02/2025 02:05:00","30.3","30.4","30.2"
"1570","01/02/2025 02:06:00","30.3","30.4","30.3"
"1571","01/02/2025 02:07:00","30.3","30.4","30.3"
"1572","01/02/2025 02:08:00","30.2","30.4","30.3"
"1573","01/02/2025 02:09:00","30.2","30.4","30.3"
"1574","01/02/2025 02:10:00","30.2","30.4","30.2"
"1575","01/02/2025 02:11:00","30.2","30.3","30.2"
"1576","01/02/2025 02:12:00","30.2","30.3","30.2"
"1577","01/02/2025 02:13:00","30.3","30.3","30.2"
"1578","01/02/2025 02:14:00","30.3","30.3","30.3"
"1579","01/02/2025 02:15:00","30.3","30.2","30.3"
"1580","01/02/2025 02:16:00","30.3","30.2","30.3"
"1581","01/02/2025 02:17:00","30.3","30.2","30.3"
"1582","01/02/2025 02:18:00","30.3","30.2","30.3"
"1583","01/02/2025 02:19:00","30.3","30.3","30.2"
"1584","01/02/2025 02:20:00","30.3","30.4","30.2"
"1585","01/02/2025 02:21:00","30.3","30.4","30.2"
"1586","01/02/2025 02:22:00","30.3","30.4","30.2"
"1587","01/02/2025 02:23:00","30.2","30.4","30.2"
"1588","01/02/2025 02:24:00","30.2","30.4","30.3"
"1589","01/02/2025 02:25:00","30.2","30.4","30.3"
"1590","01/02/2025 02:26:00","30.2","30.4","30.4"
"1591","01/02/2025 02:27:00","30.3","30.4","30.4"
"1592","01/02/2025 02:28:00","30.3","30.4","30.4"
"1593","01/02/2025 02:29:00","30.3","30.4","30.3"
"1594","01/02/2025 02:30:00","30.4","30.3","30.2"
"1595","01/02/2025 02:31:00","30.4","30.3","30.2"
"1596","01/02/2025 02:32:00","30.4","30.3","30.2"
"1597","01/02/2025 02:33:00","30.3","30.3","30.2"
"1598","01/02/2025 02:34:00","30.3","30.2","30.2"
"1599","01/02/2025 02:35:00","30.3","30.2","30.2"
"1600","01/02/2025 02:36:00","30.2","30.2","30.3"
"1601","01/02/2025 02:37:00","30.2","30.2","30.4"
"1602","01/02/2025 02:38:00","30.2","30.3","30.4"
"1603","01/02/2025 02:39:00","30.2","30.3","30.4"
"1604","01/02/2025 02:40:00","30.2","30.4","30.3"
"1605","01/02/2025 02:41:00","30.2","30.4","30.2"
"1606","01/02/2025 02:42:00","30.3","30.4","30.2"
"1607","01/02/2025 02:43:00","30.4","30.4","30.2"
"1608","01/02/2025 02:44:00","30.4","30.4","30.2"
"1609","01/02/2025 02:45:00","30.5","30.4","30.2"
"1610","01/02/2025 02:46:00","30.5","30.4","30.3"
"1611","01/02/2025 02:47:00","30.5","30.4","30.3"
"1612","01/02/2025 02:48:00","30.5","30.4","30.3"
"1613","01/02/2025 02:49:00","30.5","30.4","30.3"
"1614","01/02/2025 02:50:00","30.3","30.4","30.3"
"1615","01/02/2025 02:51:00","30.3","30.4","30.2"
"1616","01/02/2025 02:52:00","30.3","30.4","30.2"
"1617","01/02/2025 02:53:00","30.3","30.3","30.2"
"1618","01/02/2025 02:54:00","30.2","30.3","30.2"
"1619","01/02/2025 02:55:00","30.2","30.3","30.2"
"1620","01/02/2025 02:56:00","30.2","30.3","30.2"
"1621","01/02/2025 02:57:00","30.2","30.2","30.3"
"1622","01/02/2025 02:58:00","30.2","30.2","30.4"
"1623","01/02/2025 02:59:00","30.3","30.2","30.4"
"1624","01/02/2025 03:00:00","30.3","30.2","30.4"
"1625","01/02/2025 03:01:00","30.3","30.3","30.3"
"1626","01/02/2025 03:02:00","30.3","30.4","30.2"
"1627","01/02/2025 03:03:00","30.3","30.4","30.2"
"1628","01/02/2025 03:04:00","30.3","30.5","30.2"
"1629","01/02/2025 03:05:00","30.3","30.5","30.2"
"1630","01/02/2025 03:06:00","30.3","30.5","30.2"
"1631","01/02/2025 03:07:00","30.3","30.5","30.2"
"1632","01/02/2025 03:08:00","30.2","30.5","30.3"
"1633","01/02/2025 03:09:00","30.2","30.3","30.3"
"1634","01/02/2025 03:10:00","30.2","30.3","30.3"
"1635","01/02/2025 03:11:00","30.2","30.3","30.3"
"1636","01/02/2025 03:12:00","30.2","30.3","30.3"
"1637","01/02/2025 03:13:00","30.3","30.3","30.3"
"1638","01/02/2025 03:14:00","30.3","30.3","30.2"
"1639","01/02/2025 03:15:00","30.4","30.3","30.2"
"1640","01/02/2025 03:16:00","30.4","30.3","30.2"
"1641","01/02/2025 03:17:00","30.5","30.3","30.2"
"1642","01/02/2025 03:18:00","30.5","30.2","30.2"
"1643","01/02/2025 03:19:00","30.5","30.2","30.3"
"1644","01/02/2025 03:20:00","30.5","30.2","30.3"
"1645","01/02/2025 03:21:00","30.4","30.2","30.4"
"1646","01/02/2025 03:22:00","30.4","30.3","30.4"
"1647","01/02/2025 03:23:00","30.4","30.4","30.4"
"1648","01/02/2025 03:24:00","30.3","30.4","30.3"
"1649","01/02/2025 03:25:00","30.3","30.4","30.2"
"1650","01/02/2025 03:26:00","30.2","30.5","30.2"
"1651","01/02/2025 03:27:00","30.2","30.5","30.2"
"1652","01/02/2025 03:28:00","30.2","30.5","30.2"
"1653","01/02/2025 03:29:00","30.2","30.5","30.2"
"1654","01/02/2025 03:30:00","30.2","30.5","30.3"
"1655","01/02/2025 03:31:00","30.2","30.3","30.3"
"1656","01/02/2025 03:32:00","30.3","30.3","30.3"
"1657","01/02/2025 03:33:00","30.4","30.3","30.3"
"1658","01/02/2025 03:34:00","30.4","30.3","30.3"
"1659","01/02/2025 03:35:00","30.5","30.3","30.2"
"1660","01/02/2025 03:36:00","30.5","30.3","30.2"
"1661","01/02/2025 03:37:00","30.5","30.3","30.2"
"1662","01/02/2025 03:38:00","30.5","30.3","30.2"
"1663","01/02/2025 03:39:00","30.3","30.3","30.2"
"1664","01/02/2025 03:40:00","30.3","30.3","30.2"
"1665","01/02/2025 03:41:00","30.3","30.2","30.3"
"1666","01/02/2025 03:42:00","30.3","30.2","30.4"
"1667","01/02/2025 03:43:00","30.2","30.2","30.4"
"1668","01/02/2025 03:44:00","30.2","30.3","30.4"
"1669","01/02/2025 03:45:00","30.2","30.3","30.3"
"1670","01/02/2025 03:46:00","30.2","30.4","30.3"
"1671","01/02/2025 03:47:00","30.2","30.4","30.2"
"1672","01/02/2025 03:48:00","30.2","30.5","30.2"
"1673","01/02/2025 03:49:00","30.3","30.5","30.2"
"1674","01/02/2025 03:50:00","30.3","30.5","30.2"
"1675","01/02/2025 03:51:00","30.4","30.5","30.3"
"1676","01/02/2025 03:52:00","30.4","30.5","30.3"
"1677","01/02/2025 03:53:00","30.5","30.5","30.3"
"1678","01/02/2025 03:54:00","30.5","30.3","30.4"
"1679","01/02/2025 03:55:00","30.5","30.3","30.3"
"1680","01/02/2025 03:56:00","30.3","30.3","30.2"
"1681","01/02/2025 03:57:00","30.3","30.3","30.2"
"1682","01/02/2025 03:58:00","30.3","30.3","30.2"
"1683","01/02/2025 03:59:00","30.3","30.3","30.2"
"1684","01/02/2025 04:00:00","30.3","30.3","30.2"
"1685","01/02/2025 04:01:00","30.2","30.2","30.2"
"1686","01/02/2025 04:02:00","30.2","30.2","30.3"
"1687","01/02/2025 04:03:00","30.2","30.2","30.3"
"1688","01/02/2025 04:04:00","30.2","30.2","30.4"
"1689","01/02/2025 04:05:00","30.2","30.3","30.4"
"1690","01/02/2025 04:06:00","30.2","30.4","30.4"
"1691","01/02/2025 04:07:00","30.3","30.4","30.3"
"1692","01/02/2025 04:08:00","30.4","30.4","30.2"
"1693","01/02/2025 04:09:00","30.4","30.4","30.2"
"1694","01/02/2025 04:10:00","30.5","30.4","30.2"
"1695","01/02/2025 04:11:00","30.5","30.4","30.2"
"1696","01/02/2025 04:12:00","30.5","30.4","30.2"
"1697","01/02/2025 04:13:00","30.5","30.4","30.3"
"1698","01/02/2025 04:14:00","30.3","30.4","30.3"
"1699","01/02/2025 04:15:00","30.3","30.4","30.3"
"1700","01/02/2025 04:16:00","30.3","30.4","30.3"
"1701","01/02/2025 04:17:00","30.3","30.4","30.3"
"1702","01/02/2025 04:18:00","30.2","30.4","30.3"
"1703","01/02/2025 04:19:00","30.2","30.3","30.2"
"1704","01/02/2025 04:20:00","30.2","30.3","30.2"
"1705","01/02/2025 04:21:00","30.2","30.2","30.2"
"1706","01/02/2025 04:22:00","30.2","30.2","30.2"
"1707","01/02/2025 04:23:00","30.2","30.2","30.2"
"1708","01/02/2025 04:24:00","30.3","30.2","30.2"
"1709","01/02/2025 04:25:00","30.4","30.3","30.3"
"1710","01/02/2025 04:26:00","30.4","30.3","30.3"
"1711","01/02/2025 04:27:00","30.4","30.4","30.4"
"1712","01/02/2025 04:28:00","30.4","30.4","30.4"
"1713","01/02/2025 04:29:00","30.4","30.4","30.3"
"1714","01/02/2025 04:30:00","30.4","30.4","30.2"
"1715","01/02/2025 04:31:00","30.4","30.4","30.2"
"1716","01/02/2025 04:32:00","30.4","30.4","30.2"
"1717","01/02/2025 04:33:00","30.3","30.4","30.2"
"1718","01/02/2025 04:34:00","30.3","30.4","30.3"
"1719","01/02/2025 04:35:00","30.2","30.4","30.3"
"1720","01/02/2025 04:36:00","30.2","30.4","30.3"
"1721","01/02/2025 04:37:00","30.2","30.4","30.3"
"1722","01/02/2025 04:38:00","30.2","30.3","30.3"
"1723","01/02/2025 04:39:00","30.2","30.3","30.2"
"1724","01/02/2025 04:40:00","30.3","30.3","30.2"
"1725","01/02/2025 04:41:00","30.3","30.3","30.2"
"1726","01/02/2025 04:42:00","30.4","30.2","30.2"
"1727","01/02/2025 04:43:00","30.4","30.2","30.2"
"1728","01/02/2025 04:44:00","30.4","30.2","30.2"
"1729","01/02/2025 04:45:00","30.3","30.2","30.3"
"1730","01/02/2025 04:46:00","30.3","30.3","30.3"
"1731","01/02/2025 04:47:00","30.3","30.4","30.3"
"1732","01/02/2025 04:48:00","30.2","30.4","30.3"
"1733","01/02/2025 04:49:00","30.2","30.4","30.3"
"1734","01/02/2025 04:50:00","30.2","30.4","30.2"
"1735","01/02/2025 04:51:00","30.2","30.4","30.2"
"1736","01/02/2025 04:52:00","30.2","30.4","30.1"
"1737","01/02/2025 04:53:00","30.2","30.4","30.1"
"1738","01/02/2025 04:54:00","30.3","30.4","30.2"
"1739","01/02/2025 04:55:00","30.4","30.4","30.3"
"1740","01/02/2025 04:56:00","30.4","30.4","30.3"
"1741","01/02/2025 04:57:00","30.5","30.4","30.3"
"1742","01/02/2025 04:58:00","30.5","30.4","30.3"
"1743","01/02/2025 04:59:00","30.5","30.3","30.3"
"1744","01/02/2025 05:00:00","30.5","30.3","30.2"
"1745","01/02/2025 05:01:00","30.3","30.3","30.1"
"1746","01/02/2025 05:02:00","30.3","30.3","30.1"
"1747","01/02/2025 05:03:00","30.3","30.3","30.1"
"1748","01/02/2025 05:04:00","30.3","30.3","30.1"
"1749","01/02/2025 05:05:00","30.3","30.3","30.1"
"1750","01/02/2025 05:06:00","30.3","30.3","30.1"
"1751","01/02/2025 05:07:00","30.4","30.4","30.2"
"1752","01/02/2025 05:08:00","30.5","30.5","30.2"
"1753","01/02/2025 05:09:00","30.5","30.5","30.3"
"1754","01/02/2025 05:10:00","30.5","30.5","30.3"
"1755","01/02/2025 05:11:00","30.5","30.5","30.3"
"1756","01/02/2025 05:12:00","30.5","30.5","30.4"
"1757","01/02/2025 05:13:00","30.5","30.5","30.5"
"1758","01/02/2025 05:14:00","30.5","30.5","30.5"
"1759","01/02/2025 05:15:00","30.4","30.5","30.5"
"1760","01/02/2025 05:16:00","30.4","30.5","30.3"
"1761","01/02/2025 05:17:00","30.3","30.5","30.3"
"1762","01/02/2025 05:18:00","30.3","30.5","30.3"
"1763","01/02/2025 05:19:00","30.2","30.5","30.3"
"1764","01/02/2025 05:20:00","30.2","30.3","30.3"
"1765","01/02/2025 05:21:00","30.2","30.3","30.3"
"1766","01/02/2025 05:22:00","30.3","30.3","30.5"
"1767","01/02/2025 05:23:00","30.3","30.3","30.5"
"1768","01/02/2025 05:24:00","30.4","30.3","30.5"
"1769","01/02/2025 05:25:00","30.5","30.5","30.5"
"1770","01/02/2025 05:26:00","30.5","30.5","30.5"
"1771","01/02/2025 05:27:00","30.5","30.5","30.3"
"1772","01/02/2025 05:28:00","30.5","30.5","30.3"
"1773","01/02/2025 05:29:00","30.5","30.6","30.3"
"1774","01/02/2025 05:30:00","30.5","30.6","30.3"
"1775","01/02/2025 05:31:00","30.4","30.6","30.4"
"1776","01/02/2025 05:32:00","30.4","30.6","30.4"
"1777","01/02/2025 05:33:00","30.3","30.6","30.5"
"1778","01/02/2025 05:34:00","30.3","30.5","30.5"
"1779","01/02/2025 05:35:00","30.3","30.5","30.3"
"1780","01/02/2025 05:36:00","30.3","30.5","30.3"
"1781","01/02/2025 05:37:00","30.3","30.5","30.3"
"1782","01/02/2025 05:38:00","30.4","30.5","30.3"
"1783","01/02/2025 05:39:00","30.5","30.4","30.3"
"1784","01/02/2025 05:40:00","30.5","30.4","30.3"
"1785","01/02/2025 05:41:00","30.5","30.4","30.5"
"1786","01/02/2025 05:42:00","30.5","30.4","30.5"
"1787","01/02/2025 05:43:00","30.5","30.3","30.5"
"1788","01/02/2025 05:44:00","30.5","30.3","30.5"
"1789","01/02/2025 05:45:00","30.5","30.3","30.5"
"1790","01/02/2025 05:46:00","30.3","30.3","30.3"
"1791","01/02/2025 05:47:00","30.3","30.5","30.3"
"1792","01/02/2025 05:48:00","30.3","30.5","30.3"
"1793","01/02/2025 05:49:00","30.3","30.5","30.3"
"1794","01/02/2025 05:50:00","30.3","30.5","30.3"
"1795","01/02/2025 05:51:00","30.4","30.5","30.4"
"1796","01/02/2025 05:52:00","30.5","30.5","30.5"
"1797","01/02/2025 05:53:00","30.5","30.5","30.5"
"1798","01/02/2025 05:54:00","30.5","30.5","30.5"
"1799","01/02/2025 05:55:00","30.5","30.5","30.3"
"1800","01/02/2025 05:56:00","30.5","30.5","30.3"
"1801","01/02/2025 05:57:00","30.5","30.5","30.3"
"1802","01/02/2025 05:58:00","30.5","30.5","30.3"
"1803","01/02/2025 05:59:00","30.4","30.5","30.3"
"1804","01/02/2025 06:00:00","30.4","30.5","30.5"
"1805","01/02/2025 06:01:00","30.4","30.4","30.5"
"1806","01/02/2025 06:02:00","30.3","30.4","30.5"
"1807","01/02/2025 06:03:00","30.3","30.4","30.5"
"1808","01/02/2025 06:04:00","30.3","30.4","30.5"
"1809","01/02/2025 06:05:00","30.3","30.4","30.5"
"1810","01/02/2025 06:06:00","30.3","30.3","30.3"
"1811","01/02/2025 06:07:00","30.3","30.3","30.3"
"1812","01/02/2025 06:08:00","30.4","30.3","30.3"
"1813","01/02/2025 06:09:00","30.5","30.3","30.3"
"1814","01/02/2025 06:10:00","30.5","30.5","30.3"
"1815","01/02/2025 06:11:00","30.5","30.5","30.4"
"1816","01/02/2025 06:12:00","30.5","30.5","30.4"
"1817","01/02/2025 06:13:00","30.5","30.5","30.4"
"1818","01/02/2025 06:14:00","30.5","30.5","30.4"
"1819","01/02/2025 06:15:00","30.5","30.5","30.4"
"1820","01/02/2025 06:16:00","30.5","30.5","30.3"
"1821","01/02/2025 06:17:00","30.3","30.5","30.3"
"1822","01/02/2025 06:18:00","30.3","30.5","30.3"
"1823","01/02/2025 06:19:00","30.3","30.5","30.3"
"1824","01/02/2025 06:20:00","30.3","30.5","30.3"
"1825","01/02/2025 06:21:00","30.3","30.5","30.3"
"1826","01/02/2025 06:22:00","30.4","30.5","30.4"
"1827","01/02/2025 06:23:00","30.5","30.5","30.4"
"1828","01/02/2025 06:24:00","30.5","30.4","30.5"
"1829","01/02/2025 06:25:00","30.5","30.4","30.5"
"1830","01/02/2025 06:26:00","30.5","30.4","30.3"
"1831","01/02/2025 06:27:00","30.5","30.4","30.3"
"1832","01/02/2025 06:28:00","30.5","30.3","30.3"
"1833","01/02/2025 06:29:00","30.5","30.3","30.3"
"1834","01/02/2025 06:30:00","30.3","30.3","30.4"
"1835","01/02/2025 06:31:00","30.3","30.3","30.4"
"1836","01/02/2025 06:32:00","30.3","30.3","30.4"
"1837","01/02/2025 06:33:00","30.3","30.5","30.4"
"1838","01/02/2025 06:34:00","30.3","30.5","30.4"
"1839","01/02/2025 06:35:00","30.3","30.5","30.4"
"1840","01/02/2025 06:36:00","30.3","30.5","30.5"
"1841","01/02/2025 06:37:00","30.4","30.5","30.5"
"1842","01/02/2025 06:38:00","30.5","30.5","30.5"
"1843","01/02/2025 06:39:00","30.5","30.5","30.5"
"1844","01/02/2025 06:40:00","30.5","30.5","30.5"
"1845","01/02/2025 06:41:00","30.6","30.5","30.3"
"1846","01/02/2025 06:42:00","30.6","30.4","30.3"
"1847","01/02/2025 06:43:00","30.6","30.4","30.3"
"1848","01/02/2025 06:44:00","30.6","30.4","30.3"
"1849","01/02/2025 06:45:00","30.6","30.4","30.3"
"1850","01/02/2025 06:46:00","30.5","30.5","30.3"
"1851","01/02/2025 06:47:00","30.5","30.5","30.5"
"1852","01/02/2025 06:48:00","30.4","30.6","30.5"
"1853","01/02/2025 06:49:00","30.4","30.6","30.5"
"1854","01/02/2025 06:50:00","30.4","30.6","30.5"
"1855","01/02/2025 06:51:00","30.4","30.6","30.4"
"1856","01/02/2025 06:52:00","30.4","30.6","30.4"
"1857","01/02/2025 06:53:00","30.4","30.6","30.4"
"1858","01/02/2025 06:54:00","30.5","30.5","30.4"
"1859","01/02/2025 06:55:00","30.6","30.5","30.4"
"1860","01/02/2025 06:56:00","30.6","30.5","30.4"
"1861","01/02/2025 06:57:00","30.6","30.5","30.4"
"1862","01/02/2025 06:58:00","30.6","30.5","30.5"
"1863","01/02/2025 06:59:00","30.6","30.5","30.6"
"1864","01/02/2025 07:00:00","30.6","30.5","30.6"
"1865","01/02/2025 07:01:00","30.6","30.5","30.6"
"1866","01/02/2025 07:02:00","30.5","30.4","30.5"
"1867","01/02/2025 07:03:00","30.5","30.4","30.4"
"1868","01/02/2025 07:04:00","30.4","30.4","30.4"
"1869","01/02/2025 07:05:00","30.4","30.4","30.4"
"1870","01/02/2025 07:06:00","30.4","30.4","30.4"
"1871","01/02/2025 07:07:00","30.4","30.5","30.4"
"1872","01/02/2025 07:08:00","30.4","30.6","30.5"
"1873","01/02/2025 07:09:00","30.4","30.6","30.5"
"1874","01/02/2025 07:10:00","30.5","30.6","30.5"
"1875","01/02/2025 07:11:00","30.6","30.6","30.5"
"1876","01/02/2025 07:12:00","30.6","30.6","30.4"
"1877","01/02/2025 07:13:00","30.6","30.6","30.4"
"1878","01/02/2025 07:14:00","30.6","30.6","30.4"
"1879","01/02/2025 07:15:00","30.6","30.6","30.4"
"1880","01/02/2025 07:16:00","30.6","30.6","30.4"
"1881","01/02/2025 07:17:00","30.5","30.6","30.4"
"1882","01/02/2025 07:18:00","30.5","30.5","30.5"
"1883","01/02/2025 07:19:00","30.5","30.5","30.5"
"1884","01/02/2025 07:20:00","30.5","30.5","30.5"
"1885","01/02/2025 07:21:00","30.4","30.4","30.5"
"1886","01/02/2025 07:22:00","30.4","30.4","30.5"
"1887","01/02/2025 07:23:00","30.3","30.4","30.4"
"1888","01/02/2025 07:24:00","30.3","30.4","30.3"
"1889","01/02/2025 07:25:00","30.3","30.4","30.3"
"1890","01/02/2025 07:26:00","30.5","30.5","30.3"
"1891","01/02/2025 07:27:00","30.5","30.5","30.5"
"1892","01/02/2025 07:28:00","30.5","30.6","30.5"
"1893","01/02/2025 07:29:00","30.5","30.6","30.5"
"1894","01/02/2025 07:30:00","30.5","30.6","30.5"
"1895","01/02/2025 07:31:00","30.5","30.6","30.5"
"1896","01/02/2025 07:32:00","30.5","30.6","30.3"
"1897","01/02/2025 07:33:00","30.5","30.6","30.3"
"1898","01/02/2025 07:34:00","30.4","30.6","30.3"
"1899","01/02/2025 07:35:00","30.4","30.6","30.3"
"1900","01/02/2025 07:36:00","30.4","30.6","30.4"
"1901","01/02/2025 07:37:00","30.4","30.6","30.4"
"1902","01/02/2025 07:38:00","30.4","30.6","30.5"
"1903","01/02/2025 07:39:00","30.4","30.5","30.5"
"1904","01/02/2025 07:40:00","30.5","30.5","30.5"
"1905","01/02/2025 07:41:00","30.6","30.5","30.5"
"1906","01/02/2025 07:42:00","30.6","30.5","30.5"
"1907","01/02/2025 07:43:00","30.6","30.4","30.3"
"1908","01/02/2025 07:44:00","30.6","30.4","30.3"
"1909","01/02/2025 07:45:00","30.6","30.4","30.3"
"1910","01/02/2025 07:46:00","30.6","30.4","30.3"
"1911","01/02/2025 07:47:00","30.5","30.4","30.3"
"1912","01/02/2025 07:48:00","30.5","30.5","30.5"
"1913","01/02/2025 07:49:00","30.5","30.6","30.5"
"1914","01/02/2025 07:50:00","30.5","30.6","30.5"
"1915","01/02/2025 07:51:00","30.4","30.6","30.5"
"1916","01/02/2025 07:52:00","30.4","30.6","30.5"
"1917","01/02/2025 07:53:00","30.4","30.6","30.3"
"1918","01/02/2025 07:54:00","30.4","30.6","30.3"
"1919","01/02/2025 07:55:00","30.4","30.6","30.3"
"1920","01/02/2025 07:56:00","30.4","30.6","30.3"
"1921","01/02/2025 07:57:00","30.5","30.6","30.3"
"1922","01/02/2025 07:58:00","30.6","30.6","30.3"
"1923","01/02/2025 07:59:00","30.6","30.6","30.5"
"1924","01/02/2025 08:00:00","30.6","30.5","30.5"
"1925","01/02/2025 08:01:00","30.6","30.5","30.5"
"1926","01/02/2025 08:02:00","30.6","30.5","30.5"
"1927","01/02/2025 08:03:00","30.6","30.5","30.5"
"1928","01/02/2025 08:04:00","30.5","30.5","30.5"
"1929","01/02/2025 08:05:00","30.5","30.5","30.5"
"1930","01/02/2025 08:06:00","30.5","30.6","30.5"
"1931","01/02/2025 08:07:00","30.5","30.6","30.5"
"1932","01/02/2025 08:08:00","30.5","30.6","30.5"
"1933","01/02/2025 08:09:00","30.6","30.6","30.6"
"1934","01/02/2025 08:10:00","30.6","30.6","30.6"
"1935","01/02/2025 08:11:00","30.6","30.6","30.6"
"1936","01/02/2025 08:12:00","30.6","30.6","30.6"
"1937","01/02/2025 08:13:00","30.6","30.6","30.6"
"1938","01/02/2025 08:14:00","30.6","30.6","30.5"
"1939","01/02/2025 08:15:00","30.6","30.6","30.5"
"1940","01/02/2025 08:16:00","30.6","30.6","30.5"
"1941","01/02/2025 08:17:00","30.6","30.6","30.5"
"1942","01/02/2025 08:18:00","30.5","30.5","30.6"
"1943","01/02/2025 08:19:00","30.5","30.5","30.6"
"1944","01/02/2025 08:20:00","30.5","30.5","30.6"
"1945","01/02/2025 08:21:00","30.5","30.5","30.6"
"1946","01/02/2025 08:22:00","30.5","30.6","30.6"
"1947","01/02/2025 08:23:00","30.6","30.7","30.5"
"1948","01/02/2025 08:24:00","30.6","30.7","30.5"
"1949","01/02/2025 08:25:00","30.6","30.7","30.5"
"1950","01/02/2025 08:26:00","30.6","30.7","30.5"
"1951","01/02/2025 08:27:00","30.6","30.7","30.5"
"1952","01/02/2025 08:28:00","30.6","30.7","30.6"
"1953","01/02/2025 08:29:00","30.6","30.7","30.6"
"1954","01/02/2025 08:30:00","30.6","30.7","30.6"
"1955","01/02/2025 08:31:00","30.6","30.7","30.6"
"1956","01/02/2025 08:32:00","30.5","30.7","30.6"
"1957","01/02/2025 08:33:00","30.5","30.7","30.5"
"1958","01/02/2025 08:34:00","30.5","30.7","30.5"
"1959","01/02/2025 08:35:00","30.5","30.6","30.5"
"1960","01/02/2025 08:36:00","30.5","30.6","30.5"
"1961","01/02/2025 08:37:00","30.5","30.6","30.5"
"1962","01/02/2025 08:38:00","30.6","30.6","30.5"
"1963","01/02/2025 08:39:00","30.7","30.5","30.6"
"1964","01/02/2025 08:40:00","30.7","30.5","30.6"
"1965","01/02/2025 08:41:00","30.7","30.5","30.6"
"1966","01/02/2025 08:42:00","30.7","30.5","30.6"
"1967","01/02/2025 08:43:00","30.7","30.5","30.6"
"1968","01/02/2025 08:44:00","30.7","30.6","30.5"
"1969","01/02/2025 08:45:00","30.7","30.7","30.5"
"1970","01/02/2025 08:46:00","30.7","30.7","30.5"
"1971","01/02/2025 08:47:00","30.6","30.7","30.5"
"1972","01/02/2025 08:48:00","30.6","30.7","30.5"
"1973","01/02/2025 08:49:00","30.5","30.7","30.5"
"1974","01/02/2025 08:50:00","30.5","30.7","30.6"
"1975","01/02/2025 08:51:00","30.5","30.7","30.6"
"1976","01/02/2025 08:52:00","30.5","30.7","30.6"
"1977","01/02/2025 08:53:00","30.5","30.7","30.5"
"1978","01/02/2025 08:54:00","30.5","30.7","30.5"
"1979","01/02/2025 08:55:00","30.6","30.7","30.5"
"1980","01/02/2025 08:56:00","30.7","30.7","30.5"
"1981","01/02/2025 08:57:00","30.7","30.6","30.5"
"1982","01/02/2025 08:58:00","30.7","30.6","30.6"
"1983","01/02/2025 08:59:00","30.7","30.6","30.6"
"1984","01/02/2025 09:00:00","30.7","30.6","30.6"
"1985","01/02/2025 09:01:00","30.7","30.5","30.6"
"1986","01/02/2025 09:02:00","30.6","30.5","30.6"
"1987","01/02/2025 09:03:00","30.6","30.5","30.5"
"1988","01/02/2025 09:04:00","30.6","30.5","30.5"
"1989","01/02/2025 09:05:00","30.6","30.6","30.5"
"1990","01/02/2025 09:06:00","30.6","30.6","30.5"
"1991","01/02/2025 09:07:00","30.5","30.7","30.5"
"1992","01/02/2025 09:08:00","30.5","30.7","30.6"
"1993","01/02/2025 09:09:00","30.5","30.7","30.6"
"1994","01/02/2025 09:10:00","30.5","30.7","30.6"
"1995","01/02/2025 09:11:00","30.5","30.7","30.6"
"1996","01/02/2025 09:12:00","30.6","30.7","30.6"
"1997","01/02/2025 09:13:00","30.6","30.6","30.5"
"1998","01/02/2025 09:14:00","30.6","30.6","30.5"
"1999","01/02/2025 09:15:00","30.7","30.6","30.5"
"2000","01/02/2025 09:16:00","30.7","30.6","30.5"
"2001","01/02/2025 09:17:00","30.7","30.6","30.5"
"2002","01/02/2025 09:18:00","30.7","30.6","30.5"
"2003","01/02/2025 09:19:00","30.7","30.6","30.5"
"2004","01/02/2025 09:20:00","30.6","30.7","30.6"
"2005","01/02/2025 09:21:00","30.6","30.7","30.6"
"2006","01/02/2025 09:22:00","30.6","30.7","30.6"
"2007","01/02/2025 09:23:00","30.6","30.7","30.6"
"2008","01/02/2025 09:24:00","30.6","30.7","30.7"
"2009","01/02/2025 09:25:00","30.7","30.7","30.7"
"2010","01/02/2025 09:26:00","30.7","30.7","30.7"
"2011","01/02/2025 09:27:00","30.7","30.7","30.7"
"2012","01/02/2025 09:28:00","30.7","30.7","30.7"
"2013","01/02/2025 09:29:00","30.7","30.7","30.6"
"2014","01/02/2025 09:30:00","30.7","30.7","30.6"
"2015","01/02/2025 09:31:00","30.7","30.7","30.6"
"2016","01/02/2025 09:32:00","30.7","30.6","30.6"
"2017","01/02/2025 09:33:00","30.7","30.6","30.7"
"2018","01/02/2025 09:34:00","30.7","30.6","30.7"
"2019","01/02/2025 09:35:00","30.6","30.6","30.7"
"2020","01/02/2025 09:36:00","30.6","30.7","30.6"
"2021","01/02/2025 09:37:00","30.6","30.8","30.6"
"2022","01/02/2025 09:38:00","30.6","30.8","30.6"
"2023","01/02/2025 09:39:00","30.6","30.8","30.6"
"2024","01/02/2025 09:40:00","30.6","30.8","30.6"
"2025","01/02/2025 09:41:00","30.7","30.8","30.7"
"2026","01/02/2025 09:42:00","30.8","30.8","30.7"
"2027","01/02/2025 09:43:00","30.8","30.8","30.7"
"2028","01/02/2025 09:44:00","30.8","30.8","30.7"
"2029","01/02/2025 09:45:00","30.8","30.8","30.6"
"2030","01/02/2025 09:46:00","30.8","30.8","30.6"
"2031","01/02/2025 09:47:00","30.8","30.8","30.6"
"2032","01/02/2025 09:48:00","30.8","30.7","30.6"
"2033","01/02/2025 09:49:00","30.8","30.7","30.6"
"2034","01/02/2025 09:50:00","30.7","30.7","30.7"
"2035","01/02/2025 09:51:00","30.7","30.7","30.7"
"2036","01/02/2025 09:52:00","30.6","30.6","30.7"
"2037","01/02/2025 09:53:00","30.6","30.6","30.7"
"2038","01/02/2025 09:54:00","30.6","30.6","30.7"
"2039","01/02/2025 09:55:00","30.6","30.6","30.6"
"2040","01/02/2025 09:56:00","30.6","30.7","30.6"
"2041","01/02/2025 09:57:00","30.7","30.7","30.6"
"2042","01/02/2025 09:58:00","30.7","30.8","30.7"
"2043","01/02/2025 09:59:00","30.7","30.8","30.7"
"2044","01/02/2025 10:00:00","30.7","30.8","30.7"
"2045","01/02/2025 10:01:00","30.7","30.8","30.7"
"2046","01/02/2025 10:02:00","30.7","30.8","30.6"
"2047","01/02/2025 10:03:00","30.7","30.8","30.6"
"2048","01/02/2025 10:04:00","30.7","30.8","30.6"
"2049","01/02/2025 10:05:00","30.6","30.8","30.6"
"2050","01/02/2025 10:06:00","30.6","30.8","30.7"
"2051","01/02/2025 10:07:00","30.6","30.7","30.7"
"2052","01/02/2025 10:08:00","30.6","30.7","30.7"
"2053","01/02/2025 10:09:00","30.7","30.7","30.7"
"2054","01/02/2025 10:10:00","30.7","30.7","30.7"
"2055","01/02/2025 10:11:00","30.7","30.7","30.6"
"2056","01/02/2025 10:12:00","30.7","30.6","30.6"
"2057","01/02/2025 10:13:00","30.7","30.6","30.6"
"2058","01/02/2025 10:14:00","30.7","30.6","30.7"
"2059","01/02/2025 10:15:00","30.7","30.6","30.7"
"2060","01/02/2025 10:16:00","30.7","30.7","30.7"
"2061","01/02/2025 10:17:00","30.7","30.8","30.6"
"2062","01/02/2025 10:18:00","30.7","30.8","30.6"
"2063","01/02/2025 10:19:00","30.7","30.8","30.6"
"2064","01/02/2025 10:20:00","30.7","30.8","30.7"
"2065","01/02/2025 10:21:00","30.7","30.8","30.7"
"2066","01/02/2025 10:22:00","30.7","30.8","30.8"
"2067","01/02/2025 10:23:00","30.8","30.8","30.8"
"2068","01/02/2025 10:24:00","30.8","30.8","30.8"
"2069","01/02/2025 10:25:00","30.8","30.8","30.8"
"2070","01/02/2025 10:26:00","30.8","30.8","30.8"
"2071","01/02/2025 10:27:00","30.8","30.8","30.7"
"2072","01/02/2025 10:28:00","30.8","30.8","30.7"
"2073","01/02/2025 10:29:00","30.8","30.8","30.7"
"2074","01/02/2025 10:30:00","30.8","30.8","30.7"
"2075","01/02/2025 10:31:00","30.7","30.7","30.8"
"2076","01/02/2025 10:32:00","30.7","30.7","30.8"
"2077","01/02/2025 10:33:00","30.7","30.7","30.8"
"2078","01/02/2025 10:34:00","30.7","30.7","30.8"
"2079","01/02/2025 10:35:00","30.8","30.7","30.7"
"2080","01/02/2025 10:36:00","30.8","30.7","30.7"
"2081","01/02/2025 10:37:00","30.8","30.8","30.7"
"2082","01/02/2025 10:38:00","30.8","30.8","30.7"
"2083","01/02/2025 10:39:00","30.8","30.8","30.8"
"2084","01/02/2025 10:40:00","30.8","30.8","30.8"
"2085","01/02/2025 10:41:00","30.8","30.8","30.8"
"2086","01/02/2025 10:42:00","30.8","30.8","30.8"
"2087","01/02/2025 10:43:00","30.8","30.8","30.8"
"2088","01/02/2025 10:44:00","30.8","30.8","30.7"
"2089","01/02/2025 10:45:00","30.7","30.8","30.7"
"2090","01/02/2025 10:46:00","30.7","30.8","30.7"
"2091","01/02/2025 10:47:00","30.7","30.8","30.7"
"2092","01/02/2025 10:48:00","30.7","30.8","30.8"
"2093","01/02/2025 10:49:00","30.7","30.8","30.8"
"2094","01/02/2025 10:50:00","30.8","30.7","30.8"
"2095","01/02/2025 10:51:00","30.8","30.7","30.7"
"2096","01/02/2025 10:52:00","30.8","30.7","30.7"
"2097","01/02/2025 10:53:00","30.8","30.8","30.7"
"2098","01/02/2025 10:54:00","30.8","30.8","30.7"
"2099","01/02/2025 10:55:00","30.8","30.8","30.8"
"2100","01/02/2025 10:56:00","30.8","30.8","30.8"
"2101","01/02/2025 10:57:00","30.8","30.8","30.8"
"2102","01/02/2025 10:58:00","30.8","30.8","30.8"
"2103","01/02/2025 10:59:00","30.8","30.8","30.8"
"2104","01/02/2025 11:00:00","30.7","30.8","30.7"
"2105","01/02/2025 11:01:00","30.7","30.8","30.7"
"2106","01/02/2025 11:02:00","30.7","30.8","30.7"
"2107","01/02/2025 11:03:00","30.7","30.8","30.8"
"2108","01/02/2025 11:04:00","30.7","30.7","30.8"
"2109","01/02/2025 11:05:00","30.8","30.7","30.8"
"2110","01/02/2025 11:06:00","30.8","30.8","30.8"
"2111","01/02/2025 11:07:00","30.8","30.8","30.7"
"2112","01/02/2025 11:08:00","30.8","30.8","30.7"
"2113","01/02/2025 11:09:00","30.8","30.8","30.7"
"2114","01/02/2025 11:10:00","30.8","30.8","30.7"
"2115","01/02/2025 11:11:00","30.8","30.8","30.8"
"2116","01/02/2025 11:12:00","30.8","30.8","30.8"
"2117","01/02/2025 11:13:00","30.8","30.8","30.8"
"2118","01/02/2025 11:14:00","30.8","30.8","30.8"
"2119","01/02/2025 11:15:00","30.7","30.8","30.8"
"2120","01/02/2025 11:16:00","30.7","30.8","30.7"
"2121","01/02/2025 11:17:00","30.7","30.8","30.7"
"2122","01/02/2025 11:18:00","30.7","30.7","30.7"
"2123","01/02/2025 11:19:00","30.8","30.7","30.7"
"2124","01/02/2025 11:20:00","30.8","30.7","30.8"
"2125","01/02/2025 11:21:00","30.8","30.8","30.8"
"2126","01/02/2025 11:22:00","30.8","30.8","30.8"
"2127","01/02/2025 11:23:00","30.8","30.8","30.8"
"2128","01/02/2025 11:24:00","30.8","30.8","30.8"
"2129","01/02/2025 11:25:00","30.8","30.8","30.7"
"2130","01/02/2025 11:26:00","30.8","30.8","30.7"
"2131","01/02/2025 11:27:00","30.8","30.8","30.7"
"2132","01/02/2025 11:28:00","30.8","30.8","30.7"
"2133","01/02/2025 11:29:00","30.7","30.8","30.8"
"2134","01/02/2025 11:30:00","30.7","30.8","30.8"
"2135","01/02/2025 11:31:00","30.7","30.8","30.8"
"2136","01/02/2025 11:32:00","30.7","30.8","30.8"
"2137","01/02/2025 11:33:00","30.7","30.8","30.8"
"2138","01/02/2025 11:34:00","30.7","30.8","30.8"
"2139","01/02/2025 11:35:00","30.8","30.9","30.8"
"2140","01/02/2025 11:36:00","30.8","30.9","30.8"
"2141","01/02/2025 11:37:00","30.8","31.0","30.9"
"2142","01/02/2025 11:38:00","31.0","31.0","30.9"
"2143","01/02/2025 11:39:00","31.0","31.0","30.9"
"2144","01/02/2025 11:40:00","31.0","31.0","30.9"
"2145",NA,NA,NA,NA
"2146",NA,NA,NA,NA
